<environmentvariabledefinition schemaname="own_EnvironmentName">
  <description default="Environment Name">
    <label description="Environment Name" languagecode="1033" />
  </description>
  <displayname default="EnvironmentName">
    <label description="EnvironmentName" languagecode="1033" />
  </displayname>
  <introducedversion>1.0.0.0</introducedversion>
  <iscustomizable>1</iscustomizable>
  <isrequired>0</isrequired>
  <secretstore>0</secretstore>
  <type>100000000</type>
</environmentvariabledefinition>