<environmentvariabledefinition schemaname="own_EnvironmentName">
  <defaultvalue>&lt;environment name&gt;</defaultvalue>
  <description default="Used for autonaming formulas that will include the environment name">
    <label description="Used for autonaming formulas that will include the environment name" languagecode="1033" />
  </description>
  <displayname default="Environment Name">
    <label description="Environment Name" languagecode="1033" />
  </displayname>
  <introducedversion>1.0.0.2</introducedversion>
  <iscustomizable>1</iscustomizable>
  <isrequired>0</isrequired>
  <secretstore>0</secretstore>
  <type>100000000</type>
</environmentvariabledefinition>