{
  "properties": {
    "connectionReferences": {
      "shared_commondataserviceforapps_1": {
        "runtimeSource": "embedded",
        "connection": {
          "connectionReferenceLogicalName": "own_sharedcommondataserviceforapps_77355"
        },
        "api": {
          "name": "shared_commondataserviceforapps"
        }
      }
    },
    "definition": {
      "$schema": "https://schema.management.azure.com/providers/Microsoft.Logic/schemas/2016-06-01/workflowdefinition.json#",
      "contentVersion": "1.0.0.0",
      "parameters": {
        "$connections": {
          "defaultValue": {},
          "type": "Object"
        },
        "$authentication": {
          "defaultValue": {},
          "type": "SecureObject"
        },
        "Environment Name (own_EnvironmentName)": {
          "defaultValue": "OB Internal Sandbox 100",
          "type": "String",
          "metadata": {
            "schemaName": "own_EnvironmentName",
            "description": "Used for autonaming formulas that will include the environment name"
          }
        }
      },
      "triggers": {
        "When_a_Demo_Data_Job_row_is_added": {
          "metadata": {
            "operationMetadataId": "2b04d868-bc5b-4a95-b757-16b21d36a66a"
          },
          "type": "OpenApiConnectionWebhook",
          "inputs": {
            "host": {
              "connectionName": "shared_commondataserviceforapps_1",
              "operationId": "SubscribeWebhookTrigger",
              "apiId": "/providers/Microsoft.PowerApps/apis/shared_commondataserviceforapps"
            },
            "parameters": {
              "subscriptionRequest/message": 1,
              "subscriptionRequest/entityname": "own_demodatajob",
              "subscriptionRequest/scope": 4
            },
            "authentication": "@parameters('$authentication')"
          }
        }
      },
      "actions": {
        "Initialize_variable:_AccountToUse_for_any_records_requiring_an_Account_Lookup": {
          "runAfter": {},
          "metadata": {
            "operationMetadataId": "bbf40246-271d-41c4-bd62-6c4a62d293b1"
          },
          "type": "InitializeVariable",
          "inputs": {
            "variables": [
              {
                "name": "AccountToUse",
                "type": "string"
              }
            ]
          }
        },
        "Initialize_variable:_CurrencyToUse_for_any_records_requiring_a_Currency_Lookup": {
          "runAfter": {
            "Initialize_variable:_AccountToUse_for_any_records_requiring_an_Account_Lookup": [
              "Succeeded"
            ]
          },
          "metadata": {
            "operationMetadataId": "dd173c51-52a5-4308-be79-470967d22889"
          },
          "type": "InitializeVariable",
          "inputs": {
            "variables": [
              {
                "name": "CurrencyToUse",
                "type": "string"
              }
            ]
          }
        },
        "Initialize_variable:_Environment_Variable_Name": {
          "runAfter": {
            "Initialize_variable:_CurrencyToUse_for_any_records_requiring_a_Currency_Lookup": [
              "Succeeded"
            ]
          },
          "metadata": {
            "operationMetadataId": "782fbeb7-55d5-420c-baa8-0290e3e053de"
          },
          "type": "InitializeVariable",
          "inputs": {
            "variables": [
              {
                "name": "EnvironmentVarName",
                "type": "string"
              }
            ]
          }
        },
        "Validate_if_it_should_run_in_this_environment": {
          "actions": {
            "Switch_for_Updates": {
              "runAfter": {},
              "cases": {
                "Case_for_Account_Updates": {
                  "case": "Account",
                  "actions": {
                    "Skip_Account_Updates_if_Total_Records_equals_zero": {
                      "actions": {},
                      "runAfter": {},
                      "else": {
                        "actions": {
                          "List_Accounts_to_Update": {
                            "runAfter": {},
                            "type": "OpenApiConnection",
                            "inputs": {
                              "host": {
                                "connectionName": "shared_commondataserviceforapps_1",
                                "operationId": "ListRecords",
                                "apiId": "/providers/Microsoft.PowerApps/apis/shared_commondataserviceforapps"
                              },
                              "parameters": {
                                "entityName": "accounts",
                                "fetchXml": "<fetch version=\"1.0\" output-format=\"xml-platform\" mapping=\"logical\" distinct=\"false\"> \n<entity name=\"account\"> \n<attribute name=\"name\"/> \n<attribute name=\"accountid\"/> \n<attribute name=\"accountnumber\"/> \n<order attribute=\"name\" descending=\"false\"/> \n<filter type=\"and\"> \n<condition attribute=\"statecode\" operator=\"eq\" value=\"0\"/> \n</filter> \n</entity> \n</fetch> ",
                                "$top": "@triggerOutputs()?['body/own_recordstochange']"
                              },
                              "authentication": "@parameters('$authentication')"
                            }
                          },
                          "Apply_to_each_Account_Update": {
                            "foreach": "@outputs('List_Accounts_to_Update')?['body/value']",
                            "actions": {
                              "Update_Account": {
                                "runAfter": {},
                                "type": "OpenApiConnection",
                                "inputs": {
                                  "host": {
                                    "connectionName": "shared_commondataserviceforapps_1",
                                    "operationId": "UpdateRecord",
                                    "apiId": "/providers/Microsoft.PowerApps/apis/shared_commondataserviceforapps"
                                  },
                                  "parameters": {
                                    "entityName": "accounts",
                                    "recordId": "@items('Apply_to_each_Account_Update')?['accountid']",
                                    "item/telephone1": "@concat('(',rand(100,999),') ',rand(100,999),'-',rand(1000,9999))",
                                    "item/accountnumber": "@rand(100000,999999)",
                                    "item/numberofemployees": "@rand(50,150000)",
                                    "item/websiteurl": "@concat('www',rand(1,9),'.integrationtest.fake')"
                                  },
                                  "authentication": "@parameters('$authentication')"
                                }
                              }
                            },
                            "runAfter": {
                              "List_Accounts_to_Update": [
                                "Succeeded"
                              ]
                            },
                            "type": "Foreach"
                          }
                        }
                      },
                      "expression": {
                        "equals": [
                          "@triggerOutputs()?['body/own_totalrows']",
                          "@mul(1,0)"
                        ]
                      },
                      "type": "If"
                    }
                  }
                },
                "Case_for_Contact_Updates": {
                  "case": "Contact",
                  "actions": {
                    "Skip_Contact_Update_if_Total_Rows_equals_zero": {
                      "actions": {},
                      "runAfter": {},
                      "else": {
                        "actions": {
                          "List_Contacts_to_Update": {
                            "runAfter": {},
                            "type": "OpenApiConnection",
                            "inputs": {
                              "host": {
                                "connectionName": "shared_commondataserviceforapps_1",
                                "operationId": "ListRecords",
                                "apiId": "/providers/Microsoft.PowerApps/apis/shared_commondataserviceforapps"
                              },
                              "parameters": {
                                "entityName": "contacts",
                                "fetchXml": "<fetch version=\"1.0\" output-format=\"xml-platform\" mapping=\"logical\" distinct=\"false\"> \n<entity name=\"contact\"> \n<attribute name=\"fullname\"/> \n<attribute name=\"contactid\"/> \n<order attribute=\"fullname\" descending=\"false\"/> \n<filter type=\"and\"> \n<condition attribute=\"statecode\" operator=\"eq\" value=\"0\"/> \n</filter> \n</entity> \n</fetch> ",
                                "$top": "@triggerOutputs()?['body/own_recordstochange']"
                              },
                              "authentication": "@parameters('$authentication')"
                            }
                          },
                          "Apply_to_each_Contact_to_Update": {
                            "foreach": "@outputs('List_Contacts_to_Update')?['body/value']",
                            "actions": {
                              "Update_Contact": {
                                "runAfter": {},
                                "type": "OpenApiConnection",
                                "inputs": {
                                  "host": {
                                    "connectionName": "shared_commondataserviceforapps_1",
                                    "operationId": "UpdateRecord",
                                    "apiId": "/providers/Microsoft.PowerApps/apis/shared_commondataserviceforapps"
                                  },
                                  "parameters": {
                                    "entityName": "contacts",
                                    "recordId": "@items('Apply_to_each_Contact_to_Update')?['contactid']",
                                    "item/address1_postalcode": "@rand(10000,99999)",
                                    "item/telephone1": "@concat('(',rand(100,999),') ',rand(100,999),'-',rand(1000,9999))",
                                    "item/mobilephone": "@concat('(',rand(100,999),') ',rand(100,999),'-',rand(1000,9999))"
                                  },
                                  "authentication": "@parameters('$authentication')"
                                }
                              }
                            },
                            "runAfter": {
                              "List_Contacts_to_Update": [
                                "Succeeded"
                              ]
                            },
                            "type": "Foreach"
                          }
                        }
                      },
                      "expression": {
                        "equals": [
                          "@triggerOutputs()?['body/own_totalrows']",
                          "@mul(0,1)"
                        ]
                      },
                      "type": "If"
                    }
                  }
                },
                "Case_for_Opportunity_Updates": {
                  "case": "Opportunity",
                  "actions": {
                    "Skip_Opportunity_Updates_if_Total_Rows_equal_zero": {
                      "actions": {},
                      "runAfter": {},
                      "else": {
                        "actions": {
                          "List_rows_Opportunities_to_Update": {
                            "runAfter": {},
                            "type": "OpenApiConnection",
                            "inputs": {
                              "host": {
                                "connectionName": "shared_commondataserviceforapps_1",
                                "operationId": "ListRecords",
                                "apiId": "/providers/Microsoft.PowerApps/apis/shared_commondataserviceforapps"
                              },
                              "parameters": {
                                "entityName": "opportunities",
                                "fetchXml": "<fetch version=\"1.0\" output-format=\"xml-platform\" mapping=\"logical\" distinct=\"false\"> \n<entity name=\"opportunity\"> \n<attribute name=\"name\"/> \n<attribute name=\"opportunityid\"/> \n<order attribute=\"name\" descending=\"false\"/> \n<filter type=\"and\"> \n<condition attribute=\"statecode\" operator=\"eq\" value=\"0\"/> \n</filter> \n</entity> \n</fetch> ",
                                "$top": "@triggerOutputs()?['body/own_recordstochange']"
                              },
                              "authentication": "@parameters('$authentication')"
                            }
                          },
                          "Apply_to_each_Opportunity_to_Update": {
                            "foreach": "@outputs('List_rows_Opportunities_to_Update')?['body/value']",
                            "actions": {
                              "Update_Opportunity": {
                                "runAfter": {},
                                "type": "OpenApiConnection",
                                "inputs": {
                                  "host": {
                                    "connectionName": "shared_commondataserviceforapps_1",
                                    "operationId": "UpdateRecord",
                                    "apiId": "/providers/Microsoft.PowerApps/apis/shared_commondataserviceforapps"
                                  },
                                  "parameters": {
                                    "entityName": "opportunities",
                                    "recordId": "@items('Apply_to_each_Opportunity_to_Update')?['opportunityid']",
                                    "item/budgetamount": "@rand(0,99999999)",
                                    "item/estimatedclosedate": "@addDays(utcNow(),rand(1,90))",
                                    "item/estimatedvalue": "@rand(0,99999)",
                                    "item/closeprobability": "@rand(0,100)"
                                  },
                                  "authentication": "@parameters('$authentication')"
                                }
                              }
                            },
                            "runAfter": {
                              "List_rows_Opportunities_to_Update": [
                                "Succeeded"
                              ]
                            },
                            "type": "Foreach"
                          }
                        }
                      },
                      "expression": {
                        "equals": [
                          "@triggerOutputs()?['body/own_totalrows']",
                          "@mul(0,1)"
                        ]
                      },
                      "type": "If"
                    }
                  }
                },
                "Case_for_Case_Updates": {
                  "case": "Case",
                  "actions": {
                    "Skip_Case_Updates_if_Total_Rows_equals_zero": {
                      "actions": {},
                      "runAfter": {},
                      "else": {
                        "actions": {
                          "List_Cases_to_Update": {
                            "runAfter": {},
                            "type": "OpenApiConnection",
                            "inputs": {
                              "host": {
                                "connectionName": "shared_commondataserviceforapps_1",
                                "operationId": "ListRecords",
                                "apiId": "/providers/Microsoft.PowerApps/apis/shared_commondataserviceforapps"
                              },
                              "parameters": {
                                "entityName": "incidents",
                                "fetchXml": "<fetch version=\"1.0\" output-format=\"xml-platform\" mapping=\"logical\" distinct=\"false\"> \n<entity name=\"incident\"> \n<attribute name=\"title\"/> \n<attribute name=\"incidentid\"/> \n<order attribute=\"title\" descending=\"false\"/> \n<filter type=\"and\"> \n<condition attribute=\"statecode\" operator=\"eq\" value=\"0\"/> \n</filter> \n</entity> \n</fetch> ",
                                "$top": "@triggerOutputs()?['body/own_recordstochange']"
                              },
                              "authentication": "@parameters('$authentication')"
                            }
                          },
                          "Apply_to_each_Case_to_Update": {
                            "foreach": "@outputs('List_Cases_to_Update')?['body/value']",
                            "actions": {
                              "Update_Case": {
                                "runAfter": {},
                                "type": "OpenApiConnection",
                                "inputs": {
                                  "host": {
                                    "connectionName": "shared_commondataserviceforapps_1",
                                    "operationId": "UpdateRecord",
                                    "apiId": "/providers/Microsoft.PowerApps/apis/shared_commondataserviceforapps"
                                  },
                                  "parameters": {
                                    "entityName": "incidents",
                                    "recordId": "@items('Apply_to_each_Case_to_Update')?['incidentid']",
                                    "item/description": "@concat('Automated Update for Demo - ', formatDateTime(utcNow(),'dd-MM-yyyy'))",
                                    "item/followupby": "@addDays(utcNow(),rand(1,90))"
                                  },
                                  "authentication": "@parameters('$authentication')"
                                }
                              }
                            },
                            "runAfter": {
                              "List_Cases_to_Update": [
                                "Succeeded"
                              ]
                            },
                            "type": "Foreach"
                          }
                        }
                      },
                      "expression": {
                        "equals": [
                          "@triggerOutputs()?['body/own_totalrows']",
                          "@mul(0,1)"
                        ]
                      },
                      "type": "If"
                    }
                  }
                },
                "Case_for_Appointment_Updates": {
                  "case": "Appointment",
                  "actions": {
                    "Skip_Appointment_Updates_if_Total_Rows_equals_zero": {
                      "actions": {},
                      "runAfter": {},
                      "else": {
                        "actions": {
                          "List_rows_Appointments_to_Update": {
                            "runAfter": {},
                            "type": "OpenApiConnection",
                            "inputs": {
                              "host": {
                                "connectionName": "shared_commondataserviceforapps_1",
                                "operationId": "ListRecords",
                                "apiId": "/providers/Microsoft.PowerApps/apis/shared_commondataserviceforapps"
                              },
                              "parameters": {
                                "entityName": "appointments",
                                "fetchXml": "<fetch version=\"1.0\" output-format=\"xml-platform\" mapping=\"logical\" distinct=\"false\"> \n<entity name=\"appointment\"> \n<attribute name=\"subject\"/> \n<attribute name=\"activityid\"/> \n<attribute name=\"instancetypecode\"/> \n<order attribute=\"subject\" descending=\"false\"/> \n<filter type=\"and\"> \n<condition attribute=\"statecode\" operator=\"in\"> \n<value>0</value> \n<value>3</value> \n</condition> \n</filter> \n</entity> \n</fetch> ",
                                "$top": "@triggerOutputs()?['body/own_recordstochange']"
                              },
                              "authentication": "@parameters('$authentication')"
                            }
                          },
                          "Apply_to_each_Appointment": {
                            "foreach": "@outputs('List_rows_Appointments_to_Update')?['body/value']",
                            "actions": {
                              "Update_Appointment": {
                                "runAfter": {},
                                "type": "OpenApiConnection",
                                "inputs": {
                                  "host": {
                                    "connectionName": "shared_commondataserviceforapps_1",
                                    "operationId": "UpdateRecord",
                                    "apiId": "/providers/Microsoft.PowerApps/apis/shared_commondataserviceforapps"
                                  },
                                  "parameters": {
                                    "entityName": "appointments",
                                    "recordId": "@items('Apply_to_each_Appointment')?['activityid']",
                                    "item/description": "@concat('Automated Update for Demo - ',formatDateTime(utcNow(),'dd-MM-yyyy'))"
                                  },
                                  "authentication": "@parameters('$authentication')"
                                }
                              }
                            },
                            "runAfter": {
                              "List_rows_Appointments_to_Update": [
                                "Succeeded"
                              ]
                            },
                            "type": "Foreach"
                          }
                        }
                      },
                      "expression": {
                        "equals": [
                          "@triggerOutputs()?['body/own_totalrows']",
                          "@mul(0,1)"
                        ]
                      },
                      "type": "If"
                    }
                  }
                }
              },
              "default": {
                "actions": {}
              },
              "expression": "@triggerOutputs()?['body/own_recordtype']",
              "metadata": {
                "operationMetadataId": "68d5867a-9158-4419-ac14-09053b3d5d5e"
              },
              "type": "Switch"
            },
            "Switch_for_Creates": {
              "runAfter": {
                "Switch_for_Updates": [
                  "Succeeded"
                ]
              },
              "cases": {
                "Case_for_Account_Creation": {
                  "case": "Account",
                  "actions": {
                    "Do_until_Account_Number_reaches_the_Records_to_Create_amount": {
                      "actions": {
                        "Create_new_Account_using_Calculated_Control_Data": {
                          "runAfter": {},
                          "type": "OpenApiConnection",
                          "inputs": {
                            "host": {
                              "connectionName": "shared_commondataserviceforapps_1",
                              "operationId": "CreateRecord",
                              "apiId": "/providers/Microsoft.PowerApps/apis/shared_commondataserviceforapps"
                            },
                            "parameters": {
                              "entityName": "accounts",
                              "item/name": "@concat('zz-Automated Data Creation: ','[',item(),']', formatDateTime(utcNow(),'dd-MM-yyyy'))",
                              "item/accountnumber": "@iterationIndexes('Do_until_Account_Number_reaches_the_Records_to_Create_amount')"
                            },
                            "authentication": "@parameters('$authentication')"
                          }
                        }
                      },
                      "runAfter": {},
                      "expression": "@equals('', variables('CreateAmount'))",
                      "limit": {
                        "count": 60,
                        "timeout": "PT1H"
                      },
                      "type": "Until"
                    }
                  }
                },
                "Case_for_Contact_Creation": {
                  "case": "Contact",
                  "actions": {
                    "Do_until_External_Contact_Number_reaches_Records_to_Create_amount": {
                      "actions": {
                        "Create_new_Contact_using_Calculated_Control_Data": {
                          "runAfter": {},
                          "type": "OpenApiConnection",
                          "inputs": {
                            "host": {
                              "connectionName": "shared_commondataserviceforapps_1",
                              "operationId": "CreateRecord",
                              "apiId": "/providers/Microsoft.PowerApps/apis/shared_commondataserviceforapps"
                            },
                            "parameters": {
                              "entityName": "contacts",
                              "item/lastname": "@concat('zzDemo','[', guid(),']')",
                              "item/emailaddress1": "@concat(guid(),'@fake.fake')",
                              "item/externaluseridentifier": "@iterationIndexes('Do_until_External_Contact_Number_reaches_Records_to_Create_amount')"
                            },
                            "authentication": "@parameters('$authentication')"
                          }
                        }
                      },
                      "runAfter": {},
                      "expression": "@equals(outputs('Create_new_Contact_using_Calculated_Control_Data')?['body/externaluseridentifier'], variables('CreateAmount'))",
                      "limit": {
                        "count": 60,
                        "timeout": "PT1H"
                      },
                      "type": "Until"
                    }
                  }
                },
                "Case_for_Opportunity_Creation": {
                  "case": "Opportunity",
                  "actions": {
                    "List_Top_1_Account_to_Use_for_Opportunity_Customer": {
                      "runAfter": {},
                      "type": "OpenApiConnection",
                      "inputs": {
                        "host": {
                          "connectionName": "shared_commondataserviceforapps_1",
                          "operationId": "ListRecords",
                          "apiId": "/providers/Microsoft.PowerApps/apis/shared_commondataserviceforapps"
                        },
                        "parameters": {
                          "entityName": "accounts",
                          "$select": "accountid",
                          "$top": 1
                        },
                        "authentication": "@parameters('$authentication')"
                      }
                    },
                    "Apply_to_each_Account_Returned_for_Opportunity_Create": {
                      "foreach": "@outputs('List_Top_1_Account_to_Use_for_Opportunity_Customer')?['body/value']",
                      "actions": {
                        "Set_AccountToUse_variable_for_Opportunity_Create": {
                          "runAfter": {},
                          "type": "SetVariable",
                          "inputs": {
                            "name": "AccountToUse",
                            "value": "@items('Apply_to_each_Account_Returned_for_Opportunity_Create')?['accountid']"
                          }
                        }
                      },
                      "runAfter": {
                        "List_Top_1_Account_to_Use_for_Opportunity_Customer": [
                          "Succeeded"
                        ]
                      },
                      "type": "Foreach"
                    },
                    "List_Top_1_Currency_Record_to_Use_for_Opportunity_Currency": {
                      "runAfter": {
                        "Apply_to_each_Account_Returned_for_Opportunity_Create": [
                          "Succeeded"
                        ]
                      },
                      "type": "OpenApiConnection",
                      "inputs": {
                        "host": {
                          "connectionName": "shared_commondataserviceforapps_1",
                          "operationId": "ListRecords",
                          "apiId": "/providers/Microsoft.PowerApps/apis/shared_commondataserviceforapps"
                        },
                        "parameters": {
                          "entityName": "transactioncurrencies",
                          "$top": 1
                        },
                        "authentication": "@parameters('$authentication')"
                      }
                    },
                    "Apply_to_each_Currency_Returned_for_Opportunity_Create": {
                      "foreach": "@outputs('List_Top_1_Currency_Record_to_Use_for_Opportunity_Currency')?['body/value']",
                      "actions": {
                        "Set_CurrencyToUse_variable_for_Opportunity_Create": {
                          "runAfter": {},
                          "type": "SetVariable",
                          "inputs": {
                            "name": "CurrencyToUse",
                            "value": "@items('Apply_to_each_Currency_Returned_for_Opportunity_Create')?['transactioncurrencyid']"
                          }
                        }
                      },
                      "runAfter": {
                        "List_Top_1_Currency_Record_to_Use_for_Opportunity_Currency": [
                          "Succeeded"
                        ]
                      },
                      "type": "Foreach"
                    },
                    "Do_until_Import_Sequence_Number_reaches_the_Records_to_Create_amount": {
                      "actions": {
                        "Create_new_Opportunity_using_Calculated_Control_Data": {
                          "runAfter": {},
                          "type": "OpenApiConnection",
                          "inputs": {
                            "host": {
                              "connectionName": "shared_commondataserviceforapps_1",
                              "operationId": "CreateRecord",
                              "apiId": "/providers/Microsoft.PowerApps/apis/shared_commondataserviceforapps"
                            },
                            "parameters": {
                              "entityName": "opportunities",
                              "item/transactioncurrencyid@odata.bind": "@variables('CurrencyToUse')",
                              "item/name": "@concat('zzAutomated Data Creation: [',item(),'] ', formatDateTime(utcNow()))",
                              "item/parentaccountid@odata.bind": "/accounts/@{variables('AccountToUse')}",
                              "item/budgetamount": "@rand(0,999999)",
                              "item/estimatedvalue": "@rand(0,9999999)",
                              "item/importsequencenumber": "@iterationIndexes('Do_until_Import_Sequence_Number_reaches_the_Records_to_Create_amount')"
                            },
                            "authentication": "@parameters('$authentication')"
                          }
                        }
                      },
                      "runAfter": {
                        "Apply_to_each_Currency_Returned_for_Opportunity_Create": [
                          "Succeeded"
                        ]
                      },
                      "expression": "@equals(outputs('Create_new_Opportunity_using_Calculated_Control_Data')?['body/importsequencenumber'], variables('CreateAmount'))",
                      "limit": {
                        "count": 60,
                        "timeout": "PT1H"
                      },
                      "type": "Until"
                    }
                  }
                },
                "Case_for_Case_Creation": {
                  "case": "Case",
                  "actions": {
                    "List_Top_1_Account_to_Use_on_Case": {
                      "runAfter": {},
                      "type": "OpenApiConnection",
                      "inputs": {
                        "host": {
                          "connectionName": "shared_commondataserviceforapps_1",
                          "operationId": "ListRecords",
                          "apiId": "/providers/Microsoft.PowerApps/apis/shared_commondataserviceforapps"
                        },
                        "parameters": {
                          "entityName": "accounts",
                          "$select": "accountid",
                          "$top": 1
                        },
                        "authentication": "@parameters('$authentication')"
                      }
                    },
                    "Apply_to_each_Account_returned_for_Case_Create": {
                      "foreach": "@outputs('List_Top_1_Account_to_Use_on_Case')?['body/value']",
                      "actions": {
                        "Set_AccountToUse_variable_for_Case_Create": {
                          "runAfter": {},
                          "type": "SetVariable",
                          "inputs": {
                            "name": "AccountToUse",
                            "value": "@items('Apply_to_each_Account_returned_for_Case_Create')?['accountid']"
                          }
                        }
                      },
                      "runAfter": {
                        "List_Top_1_Account_to_Use_on_Case": [
                          "Succeeded"
                        ]
                      },
                      "type": "Foreach"
                    },
                    "Do_until_Case_Number_reaches_the_Records_to_Create_amount": {
                      "actions": {
                        "Create_new_Case_using_Calculated_Control_Data": {
                          "runAfter": {},
                          "type": "OpenApiConnection",
                          "inputs": {
                            "host": {
                              "connectionName": "shared_commondataserviceforapps_1",
                              "operationId": "CreateRecord",
                              "apiId": "/providers/Microsoft.PowerApps/apis/shared_commondataserviceforapps"
                            },
                            "parameters": {
                              "entityName": "incidents",
                              "item/title": "@concat('zzAutomated Case Creation - ',guid())",
                              "item/casetypecode": 2,
                              "item/customerid_account@odata.bind": "/accounts/@{variables('AccountToUse')}",
                              "item/prioritycode": 1,
                              "item/statuscode": 1,
                              "item/ticketnumber": "@iterationIndexes('Do_until_Case_Number_reaches_the_Records_to_Create_amount')"
                            },
                            "authentication": "@parameters('$authentication')"
                          }
                        }
                      },
                      "runAfter": {
                        "Apply_to_each_Account_returned_for_Case_Create": [
                          "Succeeded"
                        ]
                      },
                      "expression": "@equals(outputs('Create_new_Case_using_Calculated_Control_Data')?['body/ticketnumber'], variables('CreateAmount'))",
                      "limit": {
                        "count": 60,
                        "timeout": "PT1H"
                      },
                      "type": "Until"
                    }
                  }
                },
                "Case_for_Appointment_Creation": {
                  "case": "Appointment",
                  "actions": {
                    "Do_until_Appointment_Description_reaches_the_Records_to_Create_amount": {
                      "actions": {
                        "Create_new_Appointment_using_Calculated_Control_Data": {
                          "runAfter": {},
                          "type": "OpenApiConnection",
                          "inputs": {
                            "host": {
                              "connectionName": "shared_commondataserviceforapps_1",
                              "operationId": "CreateRecord",
                              "apiId": "/providers/Microsoft.PowerApps/apis/shared_commondataserviceforapps"
                            },
                            "parameters": {
                              "entityName": "appointments",
                              "item/scheduledend": "@formatDateTime(addDays(utcNow(),3,'MM-dd-yyyy'))",
                              "item/scheduledstart": "@formatDateTime(addDays(utcNow(),3,'MM-dd-yyyy'))",
                              "item/subject": "@concat('zzAutomated Appointment for Demo - ',guid())",
                              "item/description": "@iterationIndexes('Do_until_Appointment_Description_reaches_the_Records_to_Create_amount')"
                            },
                            "authentication": "@parameters('$authentication')"
                          }
                        }
                      },
                      "runAfter": {},
                      "expression": "@equals(int(outputs('Create_new_Appointment_using_Calculated_Control_Data')?['body/description']), variables('CreateAmount'))",
                      "limit": {
                        "count": 60,
                        "timeout": "PT1H"
                      },
                      "type": "Until"
                    }
                  }
                }
              },
              "default": {
                "actions": {}
              },
              "expression": "@triggerOutputs()?['body/own_recordtype']",
              "metadata": {
                "operationMetadataId": "5ee83351-1271-4582-b12b-18f7ca6cb490"
              },
              "type": "Switch"
            },
            "Process_Switch_for_Deletes_at_Random_Intervals": {
              "actions": {
                "Switch_for_Deletes": {
                  "runAfter": {},
                  "cases": {
                    "Case_for_Account_Deletion": {
                      "case": "Account",
                      "actions": {
                        "Skip_Account_Deletion_if_no_records_exist": {
                          "actions": {},
                          "runAfter": {},
                          "else": {
                            "actions": {
                              "List_Accounts_to_Delete": {
                                "runAfter": {},
                                "type": "OpenApiConnection",
                                "inputs": {
                                  "host": {
                                    "connectionName": "shared_commondataserviceforapps_1",
                                    "operationId": "ListRecords",
                                    "apiId": "/providers/Microsoft.PowerApps/apis/shared_commondataserviceforapps"
                                  },
                                  "parameters": {
                                    "entityName": "accounts",
                                    "$select": "accountid",
                                    "$top": "@variables('DeleteAmount')"
                                  },
                                  "authentication": "@parameters('$authentication')"
                                }
                              },
                              "Apply_to_each_Account_Delete": {
                                "foreach": "@outputs('List_Accounts_to_Delete')?['body/value']",
                                "actions": {
                                  "Delete_Account": {
                                    "runAfter": {},
                                    "type": "OpenApiConnection",
                                    "inputs": {
                                      "host": {
                                        "connectionName": "shared_commondataserviceforapps_1",
                                        "operationId": "DeleteRecord",
                                        "apiId": "/providers/Microsoft.PowerApps/apis/shared_commondataserviceforapps"
                                      },
                                      "parameters": {
                                        "entityName": "accounts",
                                        "recordId": "@items('Apply_to_each_Account_Delete')?['accountid']"
                                      },
                                      "authentication": "@parameters('$authentication')"
                                    }
                                  }
                                },
                                "runAfter": {
                                  "List_Accounts_to_Delete": [
                                    "Succeeded"
                                  ]
                                },
                                "type": "Foreach"
                              }
                            }
                          },
                          "expression": {
                            "equals": [
                              "@variables('DeleteAmount')",
                              "@mul(0,1)"
                            ]
                          },
                          "type": "If"
                        }
                      }
                    },
                    "Case_for_Contact_Deletion": {
                      "case": "Contact",
                      "actions": {
                        "Skip_Contact_Deletion_if_no_records_exist": {
                          "actions": {},
                          "runAfter": {},
                          "else": {
                            "actions": {
                              "List_Contacts_to_Delete": {
                                "runAfter": {},
                                "type": "OpenApiConnection",
                                "inputs": {
                                  "host": {
                                    "connectionName": "shared_commondataserviceforapps_1",
                                    "operationId": "ListRecords",
                                    "apiId": "/providers/Microsoft.PowerApps/apis/shared_commondataserviceforapps"
                                  },
                                  "parameters": {
                                    "entityName": "contacts",
                                    "$select": "contactid",
                                    "$top": "@variables('DeleteAmount')"
                                  },
                                  "authentication": "@parameters('$authentication')"
                                }
                              },
                              "Apply_to_each_Contact_Delete": {
                                "foreach": "@outputs('List_Contacts_to_Delete')?['body/value']",
                                "actions": {
                                  "Delete_Contact": {
                                    "runAfter": {},
                                    "type": "OpenApiConnection",
                                    "inputs": {
                                      "host": {
                                        "connectionName": "shared_commondataserviceforapps_1",
                                        "operationId": "DeleteRecord",
                                        "apiId": "/providers/Microsoft.PowerApps/apis/shared_commondataserviceforapps"
                                      },
                                      "parameters": {
                                        "entityName": "contacts",
                                        "recordId": "@items('Apply_to_each_Contact_Delete')?['contactid']"
                                      },
                                      "authentication": "@parameters('$authentication')"
                                    }
                                  }
                                },
                                "runAfter": {
                                  "List_Contacts_to_Delete": [
                                    "Succeeded"
                                  ]
                                },
                                "type": "Foreach"
                              }
                            }
                          },
                          "expression": {
                            "equals": [
                              "@variables('DeleteAmount')",
                              "@mul(0,1)"
                            ]
                          },
                          "type": "If"
                        }
                      }
                    },
                    "Case_for_Opportunity_Deletion": {
                      "case": "Opportunity",
                      "actions": {
                        "Skip_Opportunity_Deletion_if_no_records_exist": {
                          "actions": {},
                          "runAfter": {},
                          "else": {
                            "actions": {
                              "List_Opportunities_to_Delete": {
                                "runAfter": {},
                                "type": "OpenApiConnection",
                                "inputs": {
                                  "host": {
                                    "connectionName": "shared_commondataserviceforapps_1",
                                    "operationId": "ListRecords",
                                    "apiId": "/providers/Microsoft.PowerApps/apis/shared_commondataserviceforapps"
                                  },
                                  "parameters": {
                                    "entityName": "opportunities",
                                    "$select": "opportunityid",
                                    "$top": "@variables('DeleteAmount')"
                                  },
                                  "authentication": "@parameters('$authentication')"
                                }
                              },
                              "Apply_to_each_Opportunity_Delete": {
                                "foreach": "@outputs('List_Opportunities_to_Delete')?['body/value']",
                                "actions": {
                                  "Delete_Opportunity": {
                                    "runAfter": {},
                                    "type": "OpenApiConnection",
                                    "inputs": {
                                      "host": {
                                        "connectionName": "shared_commondataserviceforapps_1",
                                        "operationId": "DeleteRecord",
                                        "apiId": "/providers/Microsoft.PowerApps/apis/shared_commondataserviceforapps"
                                      },
                                      "parameters": {
                                        "entityName": "opportunities",
                                        "recordId": "@items('Apply_to_each_Opportunity_Delete')?['opportunityid']"
                                      },
                                      "authentication": "@parameters('$authentication')"
                                    }
                                  }
                                },
                                "runAfter": {
                                  "List_Opportunities_to_Delete": [
                                    "Succeeded"
                                  ]
                                },
                                "type": "Foreach"
                              }
                            }
                          },
                          "expression": {
                            "equals": [
                              "@variables('DeleteAmount')",
                              "@mul(0,1)"
                            ]
                          },
                          "type": "If"
                        }
                      }
                    },
                    "Case_for_Case_Deletion": {
                      "case": "Case",
                      "actions": {
                        "Skip_Case_Deletion_if_no_records_exist": {
                          "actions": {},
                          "runAfter": {},
                          "else": {
                            "actions": {
                              "List_Cases_to_Delete": {
                                "runAfter": {},
                                "type": "OpenApiConnection",
                                "inputs": {
                                  "host": {
                                    "connectionName": "shared_commondataserviceforapps_1",
                                    "operationId": "ListRecords",
                                    "apiId": "/providers/Microsoft.PowerApps/apis/shared_commondataserviceforapps"
                                  },
                                  "parameters": {
                                    "entityName": "incidents",
                                    "$select": "incidentid",
                                    "$top": "@variables('DeleteAmount')"
                                  },
                                  "authentication": "@parameters('$authentication')"
                                }
                              },
                              "Apply_to_each_Case_to_Delete": {
                                "foreach": "@outputs('List_Cases_to_Delete')?['body/value']",
                                "actions": {
                                  "Delete_Case": {
                                    "runAfter": {},
                                    "type": "OpenApiConnection",
                                    "inputs": {
                                      "host": {
                                        "connectionName": "shared_commondataserviceforapps_1",
                                        "operationId": "DeleteRecord",
                                        "apiId": "/providers/Microsoft.PowerApps/apis/shared_commondataserviceforapps"
                                      },
                                      "parameters": {
                                        "entityName": "incidents",
                                        "recordId": "@items('Apply_to_each_Case_to_Delete')?['incidentid']"
                                      },
                                      "authentication": "@parameters('$authentication')"
                                    }
                                  }
                                },
                                "runAfter": {
                                  "List_Cases_to_Delete": [
                                    "Succeeded"
                                  ]
                                },
                                "type": "Foreach"
                              }
                            }
                          },
                          "expression": {
                            "equals": [
                              "@variables('DeleteAmount')",
                              "@mul(0,1)"
                            ]
                          },
                          "type": "If"
                        }
                      }
                    },
                    "Case_for_Appointment_Deletion": {
                      "case": "Appointment",
                      "actions": {
                        "Skip_Appointment_Deletion_if_no_records_exist": {
                          "actions": {},
                          "runAfter": {},
                          "else": {
                            "actions": {
                              "List_Appointments_to_Delete": {
                                "runAfter": {},
                                "type": "OpenApiConnection",
                                "inputs": {
                                  "host": {
                                    "connectionName": "shared_commondataserviceforapps_1",
                                    "operationId": "ListRecords",
                                    "apiId": "/providers/Microsoft.PowerApps/apis/shared_commondataserviceforapps"
                                  },
                                  "parameters": {
                                    "entityName": "appointments",
                                    "$select": "activityid",
                                    "$top": "@variables('DeleteAmount')"
                                  },
                                  "authentication": "@parameters('$authentication')"
                                }
                              },
                              "Apply_to_each_Appointment_to_Delete": {
                                "foreach": "@outputs('List_Appointments_to_Delete')?['body/value']",
                                "actions": {
                                  "Delete_Appointment": {
                                    "runAfter": {},
                                    "type": "OpenApiConnection",
                                    "inputs": {
                                      "host": {
                                        "connectionName": "shared_commondataserviceforapps_1",
                                        "operationId": "DeleteRecord",
                                        "apiId": "/providers/Microsoft.PowerApps/apis/shared_commondataserviceforapps"
                                      },
                                      "parameters": {
                                        "entityName": "appointments",
                                        "recordId": "@items('Apply_to_each_Appointment_to_Delete')?['activityid']"
                                      },
                                      "authentication": "@parameters('$authentication')"
                                    }
                                  }
                                },
                                "runAfter": {
                                  "List_Appointments_to_Delete": [
                                    "Succeeded"
                                  ]
                                },
                                "type": "Foreach"
                              }
                            }
                          },
                          "expression": {
                            "equals": [
                              "@variables('DeleteAmount')",
                              "@mul(0,1)"
                            ]
                          },
                          "type": "If"
                        }
                      }
                    }
                  },
                  "default": {
                    "actions": {}
                  },
                  "expression": "@triggerOutputs()?['body/own_recordtype']",
                  "metadata": {
                    "operationMetadataId": "f153f8bd-8bf6-4cc6-9d64-04aecfd545e9"
                  },
                  "type": "Switch"
                }
              },
              "runAfter": {
                "Switch_for_Creates": [
                  "Succeeded"
                ]
              },
              "expression": {
                "less": [
                  "@rand(1,200)",
                  "@rand(1,200)"
                ]
              },
              "metadata": {
                "operationMetadataId": "b30b3f49-5e76-4ac8-a782-a9b7ef7d8299"
              },
              "type": "If"
            }
          },
          "runAfter": {
            "Initialize_variable:_DeleteAmount": [
              "Succeeded"
            ]
          },
          "expression": {
            "equals": [
              "@variables('EnvironmentVarName')",
              "@triggerOutputs()?['body/own_environmentname']"
            ]
          },
          "metadata": {
            "operationMetadataId": "e520f150-87e0-4465-b0e7-09e14fedcf7a"
          },
          "type": "If"
        },
        "Initialize_variable:_CreateAmount": {
          "runAfter": {
            "Set_variable:_Environment_Variable_Name": [
              "Succeeded"
            ]
          },
          "metadata": {
            "operationMetadataId": "033ec2bd-fc4f-4509-a972-73d50bd31899"
          },
          "type": "InitializeVariable",
          "inputs": {
            "variables": [
              {
                "name": "CreateAmount",
                "type": "integer",
                "value": "@triggerOutputs()?['body/own_recordstocreate']"
              }
            ]
          }
        },
        "Initialize_variable:_DeleteAmount": {
          "runAfter": {
            "Initialize_variable:_CreateAmount": [
              "Succeeded"
            ]
          },
          "metadata": {
            "operationMetadataId": "a58b9369-1a93-4a61-ae78-51cc88f352d2"
          },
          "type": "InitializeVariable",
          "inputs": {
            "variables": [
              {
                "name": "DeleteAmount",
                "type": "integer",
                "value": "@triggerOutputs()?['body/own_recordstodelete']"
              }
            ]
          }
        },
        "Set_variable:_Environment_Variable_Name": {
          "runAfter": {
            "Initialize_variable:_Environment_Variable_Name": [
              "Succeeded"
            ]
          },
          "metadata": {
            "operationMetadataId": "878d158b-382f-4e0b-8dfc-eb9ffc8c0163"
          },
          "type": "SetVariable",
          "inputs": {
            "name": "EnvironmentVarName",
            "value": "@parameters('Environment Name (own_EnvironmentName)')"
          }
        }
      }
    },
    "templateName": null
  },
  "schemaVersion": "1.0.0.0"
}