{
  "properties": {
    "connectionReferences": {
      "shared_commondataserviceforapps": {
        "runtimeSource": "embedded",
        "connection": {
          "connectionReferenceLogicalName": "own_sharedcommondataserviceforapps_77355"
        },
        "api": {
          "name": "shared_commondataserviceforapps"
        }
      },
      "shared_commondataserviceforapps_1": {
        "runtimeSource": "embedded",
        "connection": {
          "connectionReferenceLogicalName": "own_sharedcommondataserviceforapps_77355"
        },
        "api": {
          "name": "shared_commondataserviceforapps"
        }
      }
    },
    "definition": {
      "$schema": "https://schema.management.azure.com/providers/Microsoft.Logic/schemas/2016-06-01/workflowdefinition.json#",
      "contentVersion": "1.0.0.0",
      "parameters": {
        "$connections": {
          "defaultValue": {},
          "type": "Object"
        },
        "$authentication": {
          "defaultValue": {},
          "type": "SecureObject"
        },
        "Environment Name (own_EnvironmentName)": {
          "defaultValue": "OB Internal Sandbox 100",
          "type": "String",
          "metadata": {
            "schemaName": "own_EnvironmentName",
            "description": "Used for autonaming formulas that will include the environment name"
          }
        }
      },
      "triggers": {
        "Recurrence": {
          "recurrence": {
            "frequency": "Day",
            "interval": 1,
            "timeZone": "Pacific Standard Time",
            "startTime": "2022-03-22T18:00:00Z",
            "schedule": {
              "hours": [
                "18"
              ]
            }
          },
          "metadata": {
            "operationMetadataId": "159daa0b-7efb-47aa-bd98-774a1da8048d"
          },
          "type": "Recurrence"
        }
      },
      "actions": {
        "List_Accounts": {
          "runAfter": {
            "Initialize_variable_-_Records_to_Delete": [
              "Succeeded"
            ]
          },
          "metadata": {
            "operationMetadataId": "1cdc4fe6-0202-4e9a-bffc-757bcb0c3fdc"
          },
          "type": "OpenApiConnection",
          "inputs": {
            "host": {
              "connectionName": "shared_commondataserviceforapps",
              "operationId": "ListRecords",
              "apiId": "/providers/Microsoft.PowerApps/apis/shared_commondataserviceforapps"
            },
            "parameters": {
              "entityName": "accounts",
              "fetchXml": "<fetch version=\"1.0\" output-format=\"xml-platform\" mapping=\"logical\" distinct=\"false\">\n<entity name=\"account\">\n<attribute name=\"name\"/>\n<attribute name=\"accountid\"/>\n<order attribute=\"name\" descending=\"false\"/>\n<filter type=\"and\">\n<condition attribute=\"statecode\" operator=\"eq\" value=\"0\"/>\n</filter>\n<link-entity name=\"contact\" from=\"contactid\" to=\"primarycontactid\" visible=\"false\" link-type=\"outer\" alias=\"accountprimarycontactidcontactcontactid\">\n<attribute name=\"emailaddress1\"/>\n</link-entity>\n</entity>\n</fetch>"
            },
            "authentication": "@parameters('$authentication')"
          }
        },
        "List_Contacts": {
          "runAfter": {
            "Initialize_variable_-_Records_to_Delete": [
              "Succeeded"
            ]
          },
          "metadata": {
            "operationMetadataId": "ee6f3eda-7aed-4038-b9f6-f79ebc0ebe66"
          },
          "type": "OpenApiConnection",
          "inputs": {
            "host": {
              "connectionName": "shared_commondataserviceforapps",
              "operationId": "ListRecords",
              "apiId": "/providers/Microsoft.PowerApps/apis/shared_commondataserviceforapps"
            },
            "parameters": {
              "entityName": "contacts",
              "fetchXml": "<fetch version=\"1.0\" output-format=\"xml-platform\" mapping=\"logical\" distinct=\"false\">\n<entity name=\"contact\">\n<attribute name=\"fullname\"/>\n<attribute name=\"contactid\"/>\n<order attribute=\"fullname\" descending=\"false\"/>\n<filter type=\"and\">\n<condition attribute=\"statecode\" operator=\"eq\" value=\"0\"/>\n</filter>\n</entity>\n</fetch>"
            },
            "authentication": "@parameters('$authentication')"
          }
        },
        "List_Opportunities": {
          "runAfter": {
            "Initialize_variable_-_Records_to_Delete": [
              "Succeeded"
            ]
          },
          "metadata": {
            "operationMetadataId": "fc6c2447-88c1-4a04-8627-7fff79b31ef5"
          },
          "type": "OpenApiConnection",
          "inputs": {
            "host": {
              "connectionName": "shared_commondataserviceforapps",
              "operationId": "ListRecords",
              "apiId": "/providers/Microsoft.PowerApps/apis/shared_commondataserviceforapps"
            },
            "parameters": {
              "entityName": "opportunities",
              "fetchXml": "<fetch version=\"1.0\" output-format=\"xml-platform\" mapping=\"logical\" distinct=\"false\">\n<entity name=\"opportunity\">\n<attribute name=\"name\"/>\n<attribute name=\"opportunityid\"/>\n<order attribute=\"estimatedclosedate\" descending=\"false\"/>\n<filter type=\"and\">\n<condition attribute=\"statecode\" operator=\"eq\" value=\"0\"/>\n</filter>\n<link-entity name=\"contact\" from=\"contactid\" to=\"customerid\" visible=\"false\" link-type=\"outer\" alias=\"opportunitycustomeridcontactcontactid\">\n<attribute name=\"emailaddress1\"/>\n</link-entity>\n</entity>\n</fetch>"
            },
            "authentication": "@parameters('$authentication')"
          }
        },
        "List_Cases": {
          "runAfter": {
            "Initialize_variable_-_Records_to_Delete": [
              "Succeeded"
            ]
          },
          "metadata": {
            "operationMetadataId": "fbbdfff5-968a-48d2-9c58-19525da8b9d3"
          },
          "type": "OpenApiConnection",
          "inputs": {
            "host": {
              "connectionName": "shared_commondataserviceforapps",
              "operationId": "ListRecords",
              "apiId": "/providers/Microsoft.PowerApps/apis/shared_commondataserviceforapps"
            },
            "parameters": {
              "entityName": "incidents",
              "fetchXml": "<fetch version=\"1.0\" output-format=\"xml-platform\" mapping=\"logical\" distinct=\"false\">\n<entity name=\"incident\">\n<attribute name=\"incidentid\"/>\n<attribute name=\"ticketnumber\"/>\n<attribute name=\"title\"/>\n<attribute name=\"statuscode\"/>\n<order attribute=\"title\" descending=\"false\"/>\n<filter type=\"and\">\n<condition attribute=\"statecode\" operator=\"eq\" value=\"0\"/>\n</filter>\n</entity>\n</fetch>"
            },
            "authentication": "@parameters('$authentication')"
          }
        },
        "List_Appointments": {
          "runAfter": {
            "Initialize_variable_-_Records_to_Delete": [
              "Succeeded"
            ]
          },
          "metadata": {
            "operationMetadataId": "aa83a4ad-e444-4562-aab3-21d48d6bdd71"
          },
          "type": "OpenApiConnection",
          "inputs": {
            "host": {
              "connectionName": "shared_commondataserviceforapps",
              "operationId": "ListRecords",
              "apiId": "/providers/Microsoft.PowerApps/apis/shared_commondataserviceforapps"
            },
            "parameters": {
              "entityName": "appointments",
              "fetchXml": "<fetch version=\"1.0\" output-format=\"xml-platform\" mapping=\"logical\" distinct=\"false\">\n<entity name=\"appointment\">\n<attribute name=\"subject\"/>\n<attribute name=\"statecode\"/>\n<attribute name=\"activityid\"/>\n<order attribute=\"subject\" descending=\"false\"/>\n<filter type=\"and\">\n<condition attribute=\"statecode\" operator=\"in\">\n<value>0</value>\n<value>3</value>\n</condition>\n</filter>\n</entity>\n</fetch>"
            },
            "authentication": "@parameters('$authentication')"
          }
        },
        "Initialize_variable:_AccountRowCount": {
          "runAfter": {
            "Initialize_variable:_AccountTotalCount": [
              "Succeeded"
            ]
          },
          "metadata": {
            "operationMetadataId": "35b0b33f-6444-4758-bf0e-a5d2646ab13c"
          },
          "type": "InitializeVariable",
          "inputs": {
            "variables": [
              {
                "name": "AccountRowCount",
                "type": "integer",
                "value": 0
              }
            ]
          }
        },
        "Initialize_variable:_ContactRowCount": {
          "runAfter": {
            "Initialize_variable:_ContactTotalCount": [
              "Succeeded"
            ]
          },
          "metadata": {
            "operationMetadataId": "9e1b79a3-fc45-4dfa-bf4f-dde8e218912f"
          },
          "type": "InitializeVariable",
          "inputs": {
            "variables": [
              {
                "name": "ContactRowCount",
                "type": "integer",
                "value": 0
              }
            ]
          }
        },
        "Initialize_variable:_OpportunityRowCount": {
          "runAfter": {
            "Initialize_variable:_OpportunityTotalCount": [
              "Succeeded"
            ]
          },
          "metadata": {
            "operationMetadataId": "7cace296-7a27-4c60-ac64-27f14b8a4c1b"
          },
          "type": "InitializeVariable",
          "inputs": {
            "variables": [
              {
                "name": "OpportunityRowCount",
                "type": "integer",
                "value": 0
              }
            ]
          }
        },
        "Initialize_variable:_CaseRowCount": {
          "runAfter": {
            "Initialize_variable:_CaseTotalCount": [
              "Succeeded"
            ]
          },
          "metadata": {
            "operationMetadataId": "ddf06d5b-a790-4c07-a572-134fcc494389"
          },
          "type": "InitializeVariable",
          "inputs": {
            "variables": [
              {
                "name": "CaseRowCount",
                "type": "integer",
                "value": 0
              }
            ]
          }
        },
        "Initialize_variable:_AppointmentRowCount": {
          "runAfter": {
            "Initialize_variable:_AppointmentTotalCount": [
              "Succeeded"
            ]
          },
          "metadata": {
            "operationMetadataId": "5b6ff89b-d7c2-4183-a84b-e7944d7c074a"
          },
          "type": "InitializeVariable",
          "inputs": {
            "variables": [
              {
                "name": "AppointmentRowCount",
                "type": "integer",
                "value": 0
              }
            ]
          }
        },
        "Apply_to_each_Contact": {
          "foreach": "@outputs('List_Contacts')?['body/value']",
          "actions": {
            "Increment_variable_ContactRowCount": {
              "runAfter": {},
              "metadata": {
                "operationMetadataId": "33622d52-a012-404e-9f42-d3cc28cfabdb"
              },
              "type": "IncrementVariable",
              "inputs": {
                "name": "ContactRowCount",
                "value": 1
              }
            }
          },
          "runAfter": {
            "Initialize_variable:_ContactRowCount": [
              "Succeeded"
            ]
          },
          "metadata": {
            "operationMetadataId": "87ae762e-71e6-4541-b05c-47b0d28717b1"
          },
          "type": "Foreach"
        },
        "Apply_to_each_Opportunity": {
          "foreach": "@outputs('List_Opportunities')?['body/value']",
          "actions": {
            "Increment_variable_OpportunityRowCount": {
              "runAfter": {},
              "metadata": {
                "operationMetadataId": "4f78d118-044a-46bb-a003-262bc85795e2"
              },
              "type": "IncrementVariable",
              "inputs": {
                "name": "OpportunityRowCount",
                "value": 1
              }
            }
          },
          "runAfter": {
            "Initialize_variable:_OpportunityRowCount": [
              "Succeeded"
            ]
          },
          "metadata": {
            "operationMetadataId": "4d420943-ac4d-4afc-8f86-fb134a0b587d"
          },
          "type": "Foreach"
        },
        "Apply_to_each_Case": {
          "foreach": "@outputs('List_Cases')?['body/value']",
          "actions": {
            "Increment_variable_CaseRowCount": {
              "runAfter": {},
              "metadata": {
                "operationMetadataId": "b8a12d11-84c9-49b1-a5c4-10bd6badc312"
              },
              "type": "IncrementVariable",
              "inputs": {
                "name": "CaseRowCount",
                "value": 1
              }
            }
          },
          "runAfter": {
            "Initialize_variable:_CaseRowCount": [
              "Succeeded"
            ]
          },
          "metadata": {
            "operationMetadataId": "46b41a79-7169-4e0c-ac8f-e2798b904053"
          },
          "type": "Foreach"
        },
        "Apply_to_each_Appointment": {
          "foreach": "@outputs('List_Appointments')?['body/value']",
          "actions": {
            "Increment_variable_AppointmentRowCount": {
              "runAfter": {},
              "metadata": {
                "operationMetadataId": "b229bc98-1500-4c45-b195-5fc6ed589676"
              },
              "type": "IncrementVariable",
              "inputs": {
                "name": "AppointmentRowCount",
                "value": 1
              }
            }
          },
          "runAfter": {
            "Initialize_variable:_AppointmentRowCount": [
              "Succeeded"
            ]
          },
          "metadata": {
            "operationMetadataId": "85684f04-bc0c-4bdc-a547-e807a2690ef5"
          },
          "type": "Foreach"
        },
        "Apply_to_each_Account": {
          "foreach": "@outputs('List_Accounts')?['body/value']",
          "actions": {
            "Increment_variable_AccountRowCount": {
              "runAfter": {},
              "metadata": {
                "operationMetadataId": "68b6afa0-63e5-42e8-a714-7b8a52c473e5"
              },
              "type": "IncrementVariable",
              "inputs": {
                "name": "AccountRowCount",
                "value": 1
              }
            }
          },
          "runAfter": {
            "Initialize_variable:_AccountRowCount": [
              "Succeeded"
            ]
          },
          "metadata": {
            "operationMetadataId": "f85023b8-048d-48b7-ac94-f6f3fedc2ef5"
          },
          "type": "Foreach"
        },
        "Set_variable:_AccountTotalCount": {
          "runAfter": {
            "Apply_to_each_Account": [
              "Succeeded"
            ]
          },
          "metadata": {
            "operationMetadataId": "6f98251f-b3a4-4d22-82d0-5dbf8fb42d73"
          },
          "type": "SetVariable",
          "inputs": {
            "name": "AccountTotalCount",
            "value": "@variables('AccountRowCount')"
          }
        },
        "Initialize_variable:_AccountTotalCount": {
          "runAfter": {
            "List_Accounts": [
              "Succeeded"
            ]
          },
          "metadata": {
            "operationMetadataId": "38013cc8-0100-4fef-84b4-943f2f4478f7"
          },
          "type": "InitializeVariable",
          "inputs": {
            "variables": [
              {
                "name": "AccountTotalCount",
                "type": "float",
                "value": 0
              }
            ]
          }
        },
        "Initialize_variable:_ContactTotalCount": {
          "runAfter": {
            "List_Contacts": [
              "Succeeded"
            ]
          },
          "metadata": {
            "operationMetadataId": "d1d10cbb-5ac3-4426-89ec-9331ccc6cdfe"
          },
          "type": "InitializeVariable",
          "inputs": {
            "variables": [
              {
                "name": "ContactTotalCount",
                "type": "integer",
                "value": 0
              }
            ]
          }
        },
        "Set_variable:_ContactTotalCount": {
          "runAfter": {
            "Apply_to_each_Contact": [
              "Succeeded"
            ]
          },
          "metadata": {
            "operationMetadataId": "9b5a51c0-2f49-4469-a66f-0172d66c531b"
          },
          "type": "SetVariable",
          "inputs": {
            "name": "ContactTotalCount",
            "value": "@variables('ContactRowCount')"
          }
        },
        "Initialize_variable:_OpportunityTotalCount": {
          "runAfter": {
            "List_Opportunities": [
              "Succeeded"
            ]
          },
          "metadata": {
            "operationMetadataId": "b0942c49-0339-4ca2-a946-09dd95cf1fd1"
          },
          "type": "InitializeVariable",
          "inputs": {
            "variables": [
              {
                "name": "OpportunityTotalCount",
                "type": "integer",
                "value": 0
              }
            ]
          }
        },
        "Set_variable:_OpportunityTotalCount": {
          "runAfter": {
            "Apply_to_each_Opportunity": [
              "Succeeded"
            ]
          },
          "metadata": {
            "operationMetadataId": "2325a030-0472-4a17-82f6-88d7e57b137a"
          },
          "type": "SetVariable",
          "inputs": {
            "name": "OpportunityTotalCount",
            "value": "@variables('OpportunityRowCount')"
          }
        },
        "Initialize_variable:_CaseTotalCount": {
          "runAfter": {
            "List_Cases": [
              "Succeeded"
            ]
          },
          "metadata": {
            "operationMetadataId": "054b74c1-3eb0-43a4-8546-e0ff52d829b6"
          },
          "type": "InitializeVariable",
          "inputs": {
            "variables": [
              {
                "name": "CaseTotalCount",
                "type": "integer",
                "value": 0
              }
            ]
          }
        },
        "Set_variable:_CaseTotalCount": {
          "runAfter": {
            "Apply_to_each_Case": [
              "Succeeded"
            ]
          },
          "metadata": {
            "operationMetadataId": "39ee6cdd-d255-490a-97a9-c6cbae09ca2a"
          },
          "type": "SetVariable",
          "inputs": {
            "name": "CaseTotalCount",
            "value": "@variables('CaseRowCount')"
          }
        },
        "Initialize_variable:_AppointmentTotalCount": {
          "runAfter": {
            "List_Appointments": [
              "Succeeded"
            ]
          },
          "metadata": {
            "operationMetadataId": "f258d818-28f3-4f3f-beea-5b0b6e8e9227"
          },
          "type": "InitializeVariable",
          "inputs": {
            "variables": [
              {
                "name": "AppointmentTotalCount",
                "type": "integer",
                "value": 0
              }
            ]
          }
        },
        "Set_variable:_AppointmentTotalCount": {
          "runAfter": {
            "Apply_to_each_Appointment": [
              "Succeeded"
            ]
          },
          "metadata": {
            "operationMetadataId": "44f09589-8cfc-4d01-a2c7-b1f988641554"
          },
          "type": "SetVariable",
          "inputs": {
            "name": "AppointmentTotalCount",
            "value": "@variables('AppointmentRowCount')"
          }
        },
        "Initialize_variable_-_EnvironmentName": {
          "runAfter": {},
          "metadata": {
            "operationMetadataId": "92751e31-3e0e-4f98-a553-1290d56f8aca"
          },
          "type": "InitializeVariable",
          "inputs": {
            "variables": [
              {
                "name": "EnvironmentName",
                "type": "string"
              }
            ]
          }
        },
        "Set_variable_to_store_Environment_Name": {
          "runAfter": {
            "Initialize_variable_-_EnvironmentName": [
              "Succeeded"
            ]
          },
          "metadata": {
            "operationMetadataId": "270b19ac-b4a7-4a2f-84d8-c82fe3a3a46a"
          },
          "type": "SetVariable",
          "inputs": {
            "name": "EnvironmentName",
            "value": "@parameters('Environment Name (own_EnvironmentName)')"
          }
        },
        "Add_a_new_Demo_Data_Job_Record_in_Dataverse_for_Accounts": {
          "runAfter": {
            "Set_variable_RecordsToDelete_for_Accounts": [
              "Succeeded"
            ]
          },
          "metadata": {
            "operationMetadataId": "7266a786-f285-4e1c-b653-d002f7cc3144"
          },
          "type": "OpenApiConnection",
          "inputs": {
            "host": {
              "connectionName": "shared_commondataserviceforapps_1",
              "operationId": "CreateRecord",
              "apiId": "/providers/Microsoft.PowerApps/apis/shared_commondataserviceforapps"
            },
            "parameters": {
              "entityName": "own_demodatajobs",
              "item/own_name": "@concat(parameters('Environment Name (own_EnvironmentName)'),' - ',formatDateTime(utcNow(),'dd-MM-yyyy'))",
              "item/own_environmentname": "@parameters('Environment Name (own_EnvironmentName)')",
              "item/own_recordtype": "Account",
              "item/own_recordstochange": "@int(formatNumber(variables('RecordsToChange'), '0'))",
              "item/own_recordstocreate": "@int(formatNumber(variables('RecordsToCreate'), '0'))",
              "item/own_recordstodelete": "@int(formatNumber(variables('RecordsToDelete'), '0'))",
              "item/own_totalrows": "@variables('AccountTotalCount')"
            },
            "authentication": "@parameters('$authentication')"
          }
        },
        "Initialize_variable_-_Records_to_Change": {
          "runAfter": {
            "Initialize_variable_RandPercentToDelete": [
              "Succeeded"
            ]
          },
          "metadata": {
            "operationMetadataId": "5313654e-e707-4a3b-9fbe-edd16dff790e"
          },
          "type": "InitializeVariable",
          "inputs": {
            "variables": [
              {
                "name": "RecordsToChange",
                "type": "float",
                "value": 0
              }
            ]
          }
        },
        "Initialize_variable_-_Records_to_Create": {
          "runAfter": {
            "Initialize_variable_-_Records_to_Change": [
              "Succeeded"
            ]
          },
          "metadata": {
            "operationMetadataId": "2d4ef8d2-18e3-4dff-8352-eefcc99dfb60"
          },
          "type": "InitializeVariable",
          "inputs": {
            "variables": [
              {
                "name": "RecordsToCreate",
                "type": "float",
                "value": 0
              }
            ]
          }
        },
        "Initialize_variable_-_Records_to_Delete": {
          "runAfter": {
            "Initialize_variable_-_Records_to_Create": [
              "Succeeded"
            ]
          },
          "metadata": {
            "operationMetadataId": "754eef84-1593-46e9-a561-ce33a0a5130e"
          },
          "type": "InitializeVariable",
          "inputs": {
            "variables": [
              {
                "name": "RecordsToDelete",
                "type": "float",
                "value": 0
              }
            ]
          }
        },
        "Set_variable_RecordsToChange_for_Accounts": {
          "runAfter": {
            "Set_variable_RandPercentToChange_for_Accounts": [
              "Succeeded"
            ]
          },
          "metadata": {
            "operationMetadataId": "d2f78590-db37-41e3-aaec-d98699f1dff3"
          },
          "type": "SetVariable",
          "inputs": {
            "name": "RecordsToChange",
            "value": "@mul(div(variables('RandPercentToChange'),100),variables('AccountTotalCount'))"
          }
        },
        "Set_variable_RecordsToCreate_for_Accounts": {
          "runAfter": {
            "Set_variable_RandPercentToCreate_for_Accounts": [
              "Succeeded"
            ]
          },
          "metadata": {
            "operationMetadataId": "77a300b7-d607-4a4b-b793-859ddfb636da"
          },
          "type": "SetVariable",
          "inputs": {
            "name": "RecordsToCreate",
            "value": "@mul(div(variables('RandPercentToCreate'),100),variables('AccountTotalCount'))"
          }
        },
        "Set_variable_RecordsToDelete_for_Accounts": {
          "runAfter": {
            "Set_variable_RandPercentToDelete_for_Accounts": [
              "Succeeded"
            ]
          },
          "metadata": {
            "operationMetadataId": "ad5aaa32-7519-4168-95d8-720ffe543c7a"
          },
          "type": "SetVariable",
          "inputs": {
            "name": "RecordsToDelete",
            "value": "@mul(div(variables('RandPercentToDelete'),100),variables('AccountTotalCount'))"
          }
        },
        "Set_variable_RecordsToChange_for_Appointments": {
          "runAfter": {
            "Set_variable_RandPercentToChange_for_Appointments": [
              "Succeeded"
            ]
          },
          "metadata": {
            "operationMetadataId": "ac48448d-0a79-447f-a592-a9e0064a72e6"
          },
          "type": "SetVariable",
          "inputs": {
            "name": "RecordsToChange",
            "value": "@mul(div(variables('RandPercentToChange'),100),variables('AppointmentTotalCount'))"
          }
        },
        "Set_variable_RecordsToCreate_for_Appointments": {
          "runAfter": {
            "Set_variable_RandPercentToCreate_for_Appointments": [
              "Succeeded"
            ]
          },
          "metadata": {
            "operationMetadataId": "f4d5a9d5-222c-490b-955e-7f242fd04923"
          },
          "type": "SetVariable",
          "inputs": {
            "name": "RecordsToCreate",
            "value": "@mul(div(variables('RandPercentToCreate'),100),variables('AppointmentTotalCount'))"
          }
        },
        "Set_variable_RecordsToDelete_for_Appointments": {
          "runAfter": {
            "Set_variable_RandPercentToDelete_for_Appointments": [
              "Succeeded"
            ]
          },
          "metadata": {
            "operationMetadataId": "1cce276b-eb6a-4041-8e5a-5349d00954a7"
          },
          "type": "SetVariable",
          "inputs": {
            "name": "RecordsToDelete",
            "value": "@mul(div(variables('RandPercentToDelete'),100),variables('AppointmentTotalCount'))"
          }
        },
        "Add_a_new_Demo_Data_Job_Record_in_Dataverse_for_Appointments": {
          "runAfter": {
            "Set_variable_RecordsToDelete_for_Appointments": [
              "Succeeded"
            ]
          },
          "metadata": {
            "operationMetadataId": "f7d992bf-8bc2-4d1c-94ab-af96ec9d882c"
          },
          "type": "OpenApiConnection",
          "inputs": {
            "host": {
              "connectionName": "shared_commondataserviceforapps",
              "operationId": "CreateRecord",
              "apiId": "/providers/Microsoft.PowerApps/apis/shared_commondataserviceforapps"
            },
            "parameters": {
              "entityName": "own_demodatajobs",
              "item/own_name": "@concat(parameters('Environment Name (own_EnvironmentName)'),' - ',formatDateTime(utcNow(),'dd-MM-yyyy'))",
              "item/own_environmentname": "@parameters('Environment Name (own_EnvironmentName)')",
              "item/own_recordtype": "Appointment",
              "item/own_recordstochange": "@int(formatNumber(variables('RecordsToChange'), '0'))",
              "item/own_recordstocreate": "@int(formatNumber(variables('RecordsToCreate'), '0'))",
              "item/own_recordstodelete": "@int(formatNumber(variables('RecordsToDelete'), '0'))",
              "item/own_totalrows": "@variables('AppointmentTotalCount')"
            },
            "authentication": "@parameters('$authentication')"
          }
        },
        "Set_variable_RecordsToChange_for_Cases": {
          "runAfter": {
            "Set_variable_RandPercentToChange_for_Cases": [
              "Succeeded"
            ]
          },
          "metadata": {
            "operationMetadataId": "020b33d8-abc4-493d-9b26-ae43cc29530e"
          },
          "type": "SetVariable",
          "inputs": {
            "name": "RecordsToChange",
            "value": "@mul(div(variables('RandPercentToChange'),100),variables('CaseTotalCount'))"
          }
        },
        "Set_variable_RecordsToCreate_for_Cases": {
          "runAfter": {
            "Set_variable_RandPercentToCreate_for_Cases": [
              "Succeeded"
            ]
          },
          "metadata": {
            "operationMetadataId": "4653a6da-aaa8-47ae-9479-1cb7153c1714"
          },
          "type": "SetVariable",
          "inputs": {
            "name": "RecordsToCreate",
            "value": "@mul(div(variables('RandPercentToCreate'),100),variables('CaseTotalCount'))"
          }
        },
        "Set_variable_RecordsToDelete_for_Cases": {
          "runAfter": {
            "Set_variable_RandPercentToDelete_for_Cases": [
              "Succeeded"
            ]
          },
          "metadata": {
            "operationMetadataId": "144ff9f3-0ecd-48a3-a3b8-20519cc07804"
          },
          "type": "SetVariable",
          "inputs": {
            "name": "RecordsToDelete",
            "value": "@mul(div(variables('RandPercentToDelete'),100),variables('CaseTotalCount'))"
          }
        },
        "Add_a_new_Demo_Data_Job_Record_in_Dataverse_for_Cases": {
          "runAfter": {
            "Set_variable_RecordsToDelete_for_Cases": [
              "Succeeded"
            ]
          },
          "metadata": {
            "operationMetadataId": "929b916c-37d3-4dfd-8f53-30b6666fde6f"
          },
          "type": "OpenApiConnection",
          "inputs": {
            "host": {
              "connectionName": "shared_commondataserviceforapps",
              "operationId": "CreateRecord",
              "apiId": "/providers/Microsoft.PowerApps/apis/shared_commondataserviceforapps"
            },
            "parameters": {
              "entityName": "own_demodatajobs",
              "item/own_name": "@concat(parameters('Environment Name (own_EnvironmentName)'),' - ',formatDateTime(utcNow(),'dd-MM-yyyy'))",
              "item/own_environmentname": "@parameters('Environment Name (own_EnvironmentName)')",
              "item/own_recordtype": "Case",
              "item/own_recordstochange": "@int(formatNumber(variables('RecordsToChange'), '0'))",
              "item/own_recordstocreate": "@int(formatNumber(variables('RecordsToCreate'), '0'))",
              "item/own_recordstodelete": "@int(formatNumber(variables('RecordsToDelete'), '0'))",
              "item/own_totalrows": "@variables('CaseTotalCount')"
            },
            "authentication": "@parameters('$authentication')"
          }
        },
        "Set_variable_RecordsToChange_for_Contacts": {
          "runAfter": {
            "Set_variable_RandPercentToChange_for_Contacts": [
              "Succeeded"
            ]
          },
          "metadata": {
            "operationMetadataId": "7d1f6eeb-5909-49ee-9c96-efd609c71ab9"
          },
          "type": "SetVariable",
          "inputs": {
            "name": "RecordsToChange",
            "value": "@mul(div(variables('RandPercentToChange'),100),variables('ContactTotalCount'))"
          }
        },
        "Set_variable_RecordsToCreate_for_Contacts": {
          "runAfter": {
            "Set_variable_RandPercentToCreate_for_Contacts": [
              "Succeeded"
            ]
          },
          "metadata": {
            "operationMetadataId": "882fd567-7fda-4efc-a24a-8341d98a936d"
          },
          "type": "SetVariable",
          "inputs": {
            "name": "RecordsToCreate",
            "value": "@mul(div(variables('RandPercentToCreate'),100),variables('ContactTotalCount'))"
          }
        },
        "Set_variable_RecordsToDelete_for_Contacts": {
          "runAfter": {
            "Set_variable_RandPercentToDelete_for_Contacts": [
              "Succeeded"
            ]
          },
          "metadata": {
            "operationMetadataId": "07ea01e7-94a6-4086-bd8c-20986645f375"
          },
          "type": "SetVariable",
          "inputs": {
            "name": "RecordsToDelete",
            "value": "@mul(div(variables('RandPercentToDelete'),100),variables('ContactTotalCount'))"
          }
        },
        "Add_a_new_Demo_Data_Job_Record_in_Dataverse_for_Contacts": {
          "runAfter": {
            "Set_variable_RecordsToDelete_for_Contacts": [
              "Succeeded"
            ]
          },
          "metadata": {
            "operationMetadataId": "4fad0e7d-5e8e-43ac-a78e-f607662975d9"
          },
          "type": "OpenApiConnection",
          "inputs": {
            "host": {
              "connectionName": "shared_commondataserviceforapps",
              "operationId": "CreateRecord",
              "apiId": "/providers/Microsoft.PowerApps/apis/shared_commondataserviceforapps"
            },
            "parameters": {
              "entityName": "own_demodatajobs",
              "item/own_name": "@concat(parameters('Environment Name (own_EnvironmentName)'),' - ',formatDateTime(utcNow(),'dd-MM-yyyy'))",
              "item/own_environmentname": "@parameters('Environment Name (own_EnvironmentName)')",
              "item/own_recordtype": "Contact",
              "item/own_recordstochange": "@int(formatNumber(variables('RecordsToChange'), '0'))",
              "item/own_recordstocreate": "@int(formatNumber(variables('RecordsToCreate'), '0'))",
              "item/own_recordstodelete": "@int(formatNumber(variables('RecordsToDelete'), '0'))",
              "item/own_totalrows": "@variables('ContactTotalCount')"
            },
            "authentication": "@parameters('$authentication')"
          }
        },
        "Set_variable_RecordsToChange_for_Opportunities": {
          "runAfter": {
            "Set_variable_RandPercentToChange_for_Opportunities": [
              "Succeeded"
            ]
          },
          "metadata": {
            "operationMetadataId": "c3caaa19-4fe6-4631-9e6e-253a924e2a99"
          },
          "type": "SetVariable",
          "inputs": {
            "name": "RecordsToChange",
            "value": "@mul(div(variables('RandPercentToChange'),100),variables('OpportunityTotalCount'))"
          }
        },
        "Set_variable_RecordsToCreate_for_Opportunities": {
          "runAfter": {
            "Set_variable_RandPercentToCreate_for_Opportunities": [
              "Succeeded"
            ]
          },
          "metadata": {
            "operationMetadataId": "a8829510-29ce-4cec-b1ef-c216cb380d85"
          },
          "type": "SetVariable",
          "inputs": {
            "name": "RecordsToCreate",
            "value": "@mul(div(variables('RandPercentToCreate'),100),variables('OpportunityTotalCount'))"
          }
        },
        "Set_variable_RecordsToDelete_for_Opportunities": {
          "runAfter": {
            "Set_variable_RandPercentToDelete_for_Opportunities": [
              "Succeeded"
            ]
          },
          "metadata": {
            "operationMetadataId": "c0152eea-d927-48e8-9862-a2f6d1b6b3ae"
          },
          "type": "SetVariable",
          "inputs": {
            "name": "RecordsToDelete",
            "value": "@mul(div(variables('RandPercentToDelete'),100),variables('OpportunityTotalCount'))"
          }
        },
        "Add_a_new_Demo_Data_Job_Record_in_Dataverse_for_Opportunities": {
          "runAfter": {
            "Set_variable_RecordsToDelete_for_Opportunities": [
              "Succeeded"
            ]
          },
          "metadata": {
            "operationMetadataId": "fa176205-3f75-422d-bfd4-458fd2104a8e"
          },
          "type": "OpenApiConnection",
          "inputs": {
            "host": {
              "connectionName": "shared_commondataserviceforapps",
              "operationId": "CreateRecord",
              "apiId": "/providers/Microsoft.PowerApps/apis/shared_commondataserviceforapps"
            },
            "parameters": {
              "entityName": "own_demodatajobs",
              "item/own_name": "@concat(parameters('Environment Name (own_EnvironmentName)'),' - ',formatDateTime(utcNow(),'dd-MM-yyyy'))",
              "item/own_environmentname": "@parameters('Environment Name (own_EnvironmentName)')",
              "item/own_recordtype": "Opportunity",
              "item/own_recordstochange": "@int(formatNumber(variables('RecordsToChange'), '0'))",
              "item/own_recordstocreate": "@int(formatNumber(variables('RecordsToCreate'), '0'))",
              "item/own_recordstodelete": "@int(formatNumber(variables('RecordsToDelete'), '0'))",
              "item/own_totalrows": "@variables('OpportunityTotalCount')"
            },
            "authentication": "@parameters('$authentication')"
          }
        },
        "Initialize_variable_RandPercentToChange": {
          "runAfter": {
            "Set_variable_to_store_Environment_Name": [
              "Succeeded"
            ]
          },
          "metadata": {
            "operationMetadataId": "7050b73a-26e1-4f1a-bd73-3f30c3c918cf"
          },
          "type": "InitializeVariable",
          "inputs": {
            "variables": [
              {
                "name": "RandPercentToChange",
                "type": "float"
              }
            ]
          }
        },
        "Initialize_variable_RandPercentToCreate": {
          "runAfter": {
            "Initialize_variable_RandPercentToChange": [
              "Succeeded"
            ]
          },
          "metadata": {
            "operationMetadataId": "4fbe2aae-dd99-451a-8c01-26abc21e2f83"
          },
          "type": "InitializeVariable",
          "inputs": {
            "variables": [
              {
                "name": "RandPercentToCreate",
                "type": "float"
              }
            ]
          }
        },
        "Initialize_variable_RandPercentToDelete": {
          "runAfter": {
            "Initialize_variable_RandPercentToCreate": [
              "Succeeded"
            ]
          },
          "metadata": {
            "operationMetadataId": "0b7bf189-4ffa-4bb5-b92d-c84f9f07826d"
          },
          "type": "InitializeVariable",
          "inputs": {
            "variables": [
              {
                "name": "RandPercentToDelete",
                "type": "float"
              }
            ]
          }
        },
        "Set_variable_RandPercentToChange_for_Accounts": {
          "runAfter": {
            "Set_variable:_AccountTotalCount": [
              "Succeeded"
            ]
          },
          "metadata": {
            "operationMetadataId": "c47d8a5a-5fa4-4da9-806f-df9295f24951"
          },
          "type": "SetVariable",
          "inputs": {
            "name": "RandPercentToChange",
            "value": "@rand(20,40)"
          }
        },
        "Set_variable_RandPercentToCreate_for_Accounts": {
          "runAfter": {
            "Set_variable_RecordsToChange_for_Accounts": [
              "Succeeded"
            ]
          },
          "metadata": {
            "operationMetadataId": "a7f4098a-743f-4f20-8f11-9dd4906bc5bc"
          },
          "type": "SetVariable",
          "inputs": {
            "name": "RandPercentToCreate",
            "value": "@rand(15,45)"
          }
        },
        "Set_variable_RandPercentToDelete_for_Accounts": {
          "runAfter": {
            "Set_variable_RecordsToCreate_for_Accounts": [
              "Succeeded"
            ]
          },
          "metadata": {
            "operationMetadataId": "36ed9fe2-80a2-4afd-8fe2-40c69f8559a1"
          },
          "type": "SetVariable",
          "inputs": {
            "name": "RandPercentToDelete",
            "value": "@rand(5,25)"
          }
        },
        "Set_variable_RandPercentToChange_for_Contacts": {
          "runAfter": {
            "Set_variable:_ContactTotalCount": [
              "Succeeded"
            ]
          },
          "metadata": {
            "operationMetadataId": "a2646c39-f9b1-4f39-bf62-0839ed64b289"
          },
          "type": "SetVariable",
          "inputs": {
            "name": "RandPercentToChange",
            "value": "@rand(25,50)"
          }
        },
        "Set_variable_RandPercentToCreate_for_Contacts": {
          "runAfter": {
            "Set_variable_RecordsToChange_for_Contacts": [
              "Succeeded"
            ]
          },
          "metadata": {
            "operationMetadataId": "cdb5cb1c-24a6-41c5-b5cc-ac3ef423ef0c"
          },
          "type": "SetVariable",
          "inputs": {
            "name": "RandPercentToCreate",
            "value": "@rand(5,35)"
          }
        },
        "Set_variable_RandPercentToDelete_for_Contacts": {
          "runAfter": {
            "Set_variable_RecordsToCreate_for_Contacts": [
              "Succeeded"
            ]
          },
          "metadata": {
            "operationMetadataId": "503697be-ea25-433b-af1f-1be80602d31b"
          },
          "type": "SetVariable",
          "inputs": {
            "name": "RandPercentToDelete",
            "value": "@rand(10,25)"
          }
        },
        "Set_variable_RandPercentToChange_for_Opportunities": {
          "runAfter": {
            "Set_variable:_OpportunityTotalCount": [
              "Succeeded"
            ]
          },
          "metadata": {
            "operationMetadataId": "ceb7361b-e1e4-4563-b3cc-4ea1d8cb62e9"
          },
          "type": "SetVariable",
          "inputs": {
            "name": "RandPercentToChange",
            "value": "@rand(10,35)"
          }
        },
        "Set_variable_RandPercentToCreate_for_Opportunities": {
          "runAfter": {
            "Set_variable_RecordsToChange_for_Opportunities": [
              "Succeeded"
            ]
          },
          "metadata": {
            "operationMetadataId": "16073c8c-7982-4186-a2cf-a0f6601062b1"
          },
          "type": "SetVariable",
          "inputs": {
            "name": "RandPercentToCreate",
            "value": "@rand(25,45)"
          }
        },
        "Set_variable_RandPercentToDelete_for_Opportunities": {
          "runAfter": {
            "Set_variable_RecordsToCreate_for_Opportunities": [
              "Succeeded"
            ]
          },
          "metadata": {
            "operationMetadataId": "837c7d10-f9dd-47f0-8c85-7abcba6a9333"
          },
          "type": "SetVariable",
          "inputs": {
            "name": "RandPercentToDelete",
            "value": "@rand(10,35)"
          }
        },
        "Set_variable_RandPercentToChange_for_Cases": {
          "runAfter": {
            "Set_variable:_CaseTotalCount": [
              "Succeeded"
            ]
          },
          "metadata": {
            "operationMetadataId": "1584d309-4867-4bbf-bccf-81f2ea843460"
          },
          "type": "SetVariable",
          "inputs": {
            "name": "RandPercentToChange",
            "value": "@rand(40,75)"
          }
        },
        "Set_variable_RandPercentToCreate_for_Cases": {
          "runAfter": {
            "Set_variable_RecordsToChange_for_Cases": [
              "Succeeded"
            ]
          },
          "metadata": {
            "operationMetadataId": "a5d995a8-2be0-4b22-86a8-84af47389e35"
          },
          "type": "SetVariable",
          "inputs": {
            "name": "RandPercentToCreate",
            "value": "@rand(25,50)"
          }
        },
        "Set_variable_RandPercentToDelete_for_Cases": {
          "runAfter": {
            "Set_variable_RecordsToCreate_for_Cases": [
              "Succeeded"
            ]
          },
          "metadata": {
            "operationMetadataId": "68f0a706-c39f-4a34-abcb-321d7fd42524"
          },
          "type": "SetVariable",
          "inputs": {
            "name": "RandPercentToDelete",
            "value": "@rand(10,45)"
          }
        },
        "Set_variable_RandPercentToChange_for_Appointments": {
          "runAfter": {
            "Set_variable:_AppointmentTotalCount": [
              "Succeeded"
            ]
          },
          "metadata": {
            "operationMetadataId": "11774e53-6748-406a-9423-6ca6eded500c"
          },
          "type": "SetVariable",
          "inputs": {
            "name": "RandPercentToChange",
            "value": "@rand(30,55)"
          }
        },
        "Set_variable_RandPercentToCreate_for_Appointments": {
          "runAfter": {
            "Set_variable_RecordsToChange_for_Appointments": [
              "Succeeded"
            ]
          },
          "metadata": {
            "operationMetadataId": "d6e7c8f4-d4f6-4723-87b7-6fb2b46d7009"
          },
          "type": "SetVariable",
          "inputs": {
            "name": "RandPercentToCreate",
            "value": "@rand(15,40)"
          }
        },
        "Set_variable_RandPercentToDelete_for_Appointments": {
          "runAfter": {
            "Set_variable_RecordsToCreate_for_Appointments": [
              "Succeeded"
            ]
          },
          "metadata": {
            "operationMetadataId": "e840390e-121d-40db-a377-7f9d54d8d437"
          },
          "type": "SetVariable",
          "inputs": {
            "name": "RandPercentToDelete",
            "value": "@rand(10,35)"
          }
        }
      }
    },
    "templateName": null
  },
  "schemaVersion": "1.0.0.0"
}