{"__Version":"0.1","App":"ae42835e-6a74-4b32-9992-1f512c46993d","Test_7F478737223C4B69":"ca4552c2-a6da-4b9f-a049-6cff089df810","Host":"a2fda809-7172-47ac-a463-ea61b2afa868","MainScreen":"0529eac2-0111-4970-bb5d-f0445154b5e2","MainContainer":"a9d4c27d-7e7b-412b-b65d-f5c15725ad4c","HelpContainer":"2ec6b614-f201-4591-9eb8-56cf2ec8fe17","HelpGallery":"359c6698-2dab-47b0-a5e0-14ffffc4bee2","galleryTemplate4":"dcabbe36-acf6-4fd1-9e89-cb9b134a35d1","HelpGalleryTitle":"3e690913-c115-4400-8a34-769b0e9a9755","HelpGallerySubtitle":"e2590985-6835-430b-818e-b610b2405b3b","HelpGallerySeparator":"df7c2dba-a9ce-429d-9364-a59c01f11a33","HelpGalleryIcon":"92fc38cc-49ab-4da0-b1cb-65abecf7ffdd","TitleBarContainer":"c8121ff7-64b2-491f-ab78-fa022d8e42b1","TitleBar":"e92fef05-f3dc-43ba-a7b5-577a2eff150c","TitleBarAppIcon":"de4cee6b-f5a4-4e84-9363-845447a2053c","TitleBarHelpIcon":"5854cdf1-706a-457e-90ee-1afbfbbc716f","BodyContainer":"658fc8d4-4117-4917-852e-3e7873241625","DeleteConfirmDialogContainer":"70e0dad2-cae5-4e55-bd20-f2034dd75967","ConfirmDeletionLabel":"5574c232-02c8-4ee9-bf1d-96a104467d27","ConfirmDeleteButtonBarContainer":"ee268be5-498f-4433-af10-6f11c133708f","CancelDeleteButton":"d7ea0084-158a-45c2-8f74-3395b7c7a309","ConfirmDeleteButton":"dc312747-3bc6-4b1b-8ce4-113f892fa70e","PerUserImpactContainer":"ce4ff5de-2b96-48a9-b907-d718b68b92aa","PerUserImpactLabel":"e3d73d83-d8b2-47ad-b2d9-b336c1e85727","PerUserImpactForm":"9499a193-a7d1-4544-8669-5cb851dd50b1","GB per User_DataCard":"5f851e7e-f245-4f92-851a-cf197b152dc5","DataCardKey34":"d69bc366-dfed-4eb0-bdd3-25c3a04af0f4","DataCardValue34":"6de8d36a-d8bc-4c79-b1aa-397274de6100","Avg. Rows per User_DataCard":"1a57bcaa-f1f1-46e2-8741-4f1f12f0254c","DataCardKey35":"f1ca8b1f-6db9-4474-aa4a-b9ad350aad49","DataCardValue35":"bf5bdeae-8e1f-4379-9f8b-d93339d566aa","CostComparisonsLabel":"5156c83b-2bb1-49c6-a070-b44210369dbe","CostComparisonForm":"78fcb3ca-b0df-4680-9a6f-1a4dc8978ab4","Own List Cost_DataCard":"4d231b7b-c316-419b-a809-12637ee52e8a","DataCardKey65":"c7b7d4fd-2450-4c37-b289-725c62b24d1e","DataCardValue65":"74af0d46-aa00-45b5-8374-2fe1c6682a69","Own Discount %_DataCard":"db459116-c737-4772-9bd4-30390ade28b6","StarVisible38":"6ed47727-44d4-4fae-85a1-2e6511230f0a","DataCardKey66":"c0483ff6-6247-457e-ac12-a9791422d868","Button3":"a87a2cf5-cf1a-4b3c-b6f3-d4dc4b225e56","DataCardValue66":"1688255b-bcec-49ff-b566-6228a2a306cf","ErrorMessage38":"53a8a6c1-c271-4754-8ac1-e84431e6845e","Final Own Cost_DataCard":"db6913c5-ae9e-4894-be8a-6acd3241b10e","DataCardKey67":"0589ce4f-02c9-47eb-835a-5ffae0595165","DataCardValue67":"edc9c803-b838-4797-b57a-1a15cea08213","Projected Savings with Own_DataCard":"68076e92-2da8-4b86-a8be-88c1403d3f8b","DataCardKey68":"4ed7e679-0812-463f-b183-41e719ccb151","DataCardValue68":"c24d471f-7e0c-4bdc-a2d2-4a400c48a41d","StorageCalculationsContainer":"59f2ebd3-9978-42cb-9b77-972b0c109976","StorageCalculationsLabel":"ee5fcd88-d9a6-4e63-b61a-d95ef318cd7c","StorageCalculationsForm":"8e8422ab-01fd-47f3-8f4a-098b87d8354e","Tenant Storage to function_DataCard":"c56cea5f-8c77-40c5-a9d9-a305ae023c10","DataCardKey53":"336844fb-9db6-4506-8a77-abd2a93c11f2","DataCardValue53":"a0873b71-72fd-48b4-b627-f67962916860","Tenant Storage to grow_DataCard":"461bf603-e475-4518-b57e-deed1345f0c0","DataCardKey54":"6e989c57-2487-4c13-be53-817defdf01c8","DataCardValue54":"f618596a-8e9f-4525-b84e-6ae936db109c","Tenant Storage to Restore in Isolation_DataCard":"29ae91f1-6729-4f3c-ab45-6aad8afefa66","DataCardKey55":"6cc510b2-394f-40b7-b908-262eabaacc01","DataCardValue55":"bea874a1-4aac-4609-944b-3994d7ce4296","Tenant Storage to Restore Backup Days_DataCard":"f6bb06a3-ea0e-4644-8ad8-fda8fdf7ec9a","DataCardKey56":"c18311de-4940-4358-bf5b-4c9584818fb2","DataCardValue56":"e1e47bb7-2a67-4576-8605-e7fc3e6d7bf3","Customer Negotiated Tenant Storage Cost_DataCard":"49d950ac-c80b-4d95-a30d-9f41e2ab59ce","DataCardKey59":"08e38865-5324-49f7-9caa-b1a39f89e989","DataCardValue59":"8051e529-819e-4a44-96b6-d5788701de15","PayGo Tenant Storage Cost_DataCard":"088ce26c-10a4-4ccc-bad8-8f8832567b70","DataCardKey60":"83c5a8c4-225a-49ea-accf-ce871329457e","DataCardValue60":"66d37842-b92e-445c-80ac-2192cb2510ef","CompareCostsButton":"cf05cb78-c2b8-493f-8321-eafbb3fa4f59","SidebarContainer":"33615c34-7655-472e-9a00-cf810df5c739","SearchContainer":"0235c5a4-3a9f-4d45-9a57-446df4337fb7","SearchInput":"ae40352f-f5b8-4a5b-8fcb-0fb3f43322a0","SearchIcon":"c44c63cd-267b-4d0c-9935-3e4948f76cbd","NewRecordButtonBarContainer":"9dfee6ef-7f9d-43b8-be57-2323782661e9","NewRecordAddIcon":"228fcdaf-16d7-4f02-8f55-e4a0dd81d500","NewRecordLabel":"63b4e894-f11d-4b60-9f01-786ab07cff82","RecordsListSeparator":"4b0f9a96-127a-4a94-b7f3-9c72f16be3f5","RecordsGallery":"83c76d62-8b31-4fd2-9b4b-0534d8c30fc0","galleryTemplate1":"b6cc4c17-9f5a-4b43-bd16-fd3dd74eb285","RecordsGalleryRectangle":"988a6329-e16a-44b7-bb5e-4baeddcd6f1b","RecordsGalleryNextArrow":"3f43b524-bc42-4c9a-b59f-2d319ddbd270","RecordsGalleryTitle":"bffe3887-93d4-4f6e-86b2-0ee0effc0666","RecordsGallerySubtitle":"faa1f3bc-22fa-48bc-ad2b-65f3ebf0699c","RecordsGallerySeparator":"71f5fbdd-1230-4e16-8a22-9840f99244cc","RightContainer":"3b67c65c-b863-45f2-9abb-b471fb251abc","RightContainerHeaderContainer":"63dae506-69f4-40ea-b2a8-13e0d4724c87","RightContainerHeaderLabel":"f44c0e23-537c-44c7-94d5-1fb54ff2ff15","RightContainerHeaderBackIconButton":"53c4e483-4dc1-41fe-a1bd-0d0d35f78909","RightContainerHeaderSubmitFormButton":"4db40f9e-3329-4457-9c35-1680c0e3dd20","RightContainerHeaderResetFormButton":"692638f7-ac17-40ff-820c-aea5cc384ee5","RightContainerHeaderEditIconButton":"2962cb54-b1a6-41f0-a378-0cb0ad5967ca","RightContainerHeaderDeleteIconButton":"f1a22814-e538-4131-b430-26c6ef2736ea","RightContainerMainContainer":"cb600a28-18cb-4ac1-bc63-0c2873a6bf65","FormRightContainerMainForm":"c20df868-9b42-465a-8026-e7910322efcf","Customer Name_DataCard":"66b80864-d2aa-4c88-ae60-af860db88222","StarVisible19":"02915838-5e3f-4303-8c85-9a39d18c1046","DataCardKey27":"cb1d0e92-ec84-4040-938e-9891424ad99e","DataCardValue27":"3c23258a-fabb-41ec-bf23-548b3dd04f4b","ErrorMessage19":"87433b65-9be4-4540-89ce-c397a5c5d000","Database Size_DataCard":"71f98c43-c669-421d-b887-949594217f3b","StarVisible2":"911ff401-4808-4cff-a09f-c1ab5703eb21","DataCardKey2":"bf9653db-fda3-444f-818e-c93e0a2f062c","DataCardValue2":"cc22c419-14b2-4852-8862-0d9bdf1ad7df","ErrorMessage2":"3305f29c-115b-42c0-87e3-134e4974cdac","File Storage (GB)_DataCard":"3bffc33a-3d29-46d2-9838-8666303302de","StarVisible7":"d740c6d2-9a65-479a-8f88-79f54b6980aa","DataCardKey7":"34aea1a4-aa28-4866-b520-52a8a462949d","DataCardValue7":"65463e6a-c277-473f-8193-2e052b352da0","ErrorMessage7":"a861ed65-322c-40f3-aa69-ead39b1a5a59","Tenant Log Storage (GB)_DataCard":"6b9d51c2-d9a1-4604-846f-3d0877297374","StarVisible10":"f1ce92cf-e0c7-425f-a38d-6f30d57a0151","DataCardKey10":"7a00cd90-1ce5-48b1-be32-1607cc99df2a","DataCardValue10":"07ba53dc-9746-4a47-b489-02bd3bfd0940","ErrorMessage10":"e55e1693-0d05-4ce0-bb3b-74f948a147d8","Licensed Users_DataCard":"9159d261-39e0-4508-9112-7630660e2ac1","StarVisible3":"b019946d-306d-4d66-a78c-1daa2736738d","DataCardKey3":"7c59aa13-43f7-48ce-a415-2c3218030d08","DataCardValue3":"979bcb7d-bca8-4233-b734-b371e63ac7b3","ErrorMessage3":"532589f4-c748-4e13-a6e3-397efeef08a2","Tenant Storage Entitlements (GB)_DataCard":"79d2d629-5e94-4f33-846c-b2f9b353de28","StarVisible11":"568d8432-1ab5-4ceb-94d1-13337b929956","DataCardKey11":"7e6f175a-7d7c-4b5b-9a09-52ff4a73c6a4","DataCardValue11":"f8a95740-edbc-497d-8b79-d1ff5c49e02a","ErrorMessage11":"11221c8e-e954-4585-9e0f-8e1acb31ed30","Average Row Size (KB)_DataCard":"85785e57-e66a-4165-83f5-fdb6b049c1e1","StarVisible4":"80f26007-ed75-4bff-8845-3b7aec634104","DataCardKey4":"eac7dcfe-c104-444e-8ed0-67f328bd1b1c","DataCardValue4":"ab71bcb4-adc3-4d40-a5cc-620b1be8354b","ErrorMessage4":"88ff472a-dc29-4b16-b7d1-709f98fe0db3","Expected YoY Growth Percentage_DataCard":"c3d668d6-805e-4a54-bba8-2256237173bf","StarVisible5":"bd1f423e-a0d0-4b88-bc82-22cd17afeee0","DataCardKey5":"e34da9c7-c70c-4f96-b68e-8b7a017c327c","DataCardValue5":"302caf10-1ad7-4659-a594-9ff232ec197b","ErrorMessage5":"361d0389-106c-46a6-b130-1970f2ca2e54","Number of days of backups needed_DataCard":"c8bf80ab-31e5-4ffb-8d5a-620467326f97","StarVisible6":"8a4cf6e8-c1f2-429d-ad61-172a289e2d73","DataCardKey6":"bc980bf6-42e8-4a39-9ed2-39f492a1d12c","DataCardValue6":"81611218-d847-47e8-afef-8785f2168afd","ErrorMessage6":"5de8b851-87c9-43c7-b1bb-ede680c23f68","Number of lower environment copies of production_DataCard":"dbe0a5dd-f867-46bc-a201-a64200e025b0","StarVisible8":"0657ef80-f1bf-4a02-abac-39f8b60636b2","DataCardKey8":"de8f4486-bf6c-416d-bc11-8952ea68bc22","DataCardValue8":"2ac4cc07-aa22-4527-bab2-664a9485883f","ErrorMessage8":"2f88aebe-32ac-4e5c-bae6-8fc767c79f11","Customer Negotiated Cost per GB_DataCard":"9b9e5192-a615-4eb1-9259-a2d82a65b172","StarVisible1":"e3a2b7ae-3953-4255-a4ff-a46b3c07fb75","DataCardKey1":"8f45373b-ab57-4cab-a67f-805396fa1e68","DataCardValue1":"858857ce-eb21-4f7b-8328-7e750551062a","ErrorMessage1":"4676f5af-8841-4126-85e1-c4606500bbcc","PayGo Cost_DataCard":"cd6d762e-180b-4d22-83d7-b7f8307a5071","StarVisible9":"0cd794da-c5f7-4cb6-8807-3d9ccd12285e","DataCardKey9":"56259c64-21c9-4653-a079-b6f2119e8b49","DataCardValue9":"0f8db894-dc80-4ab0-b9b8-98884f07914f","ErrorMessage9":"571d2545-ff7e-49aa-8fcc-ad828cbe8194"}