<ImportExportXml version="9.2.22112.196" SolutionPackageVersion="9.2" languagecode="1033" generatedBy="CrmLive" xmlns:xsi="http://www.w3.org/2001/XMLSchema-instance">
  <SolutionManifest>
    <UniqueName>DemoDataTool</UniqueName>
    <LocalizedNames>
      <LocalizedName description="OB Demo Data Tool" languagecode="1033" />
    </LocalizedNames>
    <Descriptions />
    <Version>1.0.2.5</Version>
    <Managed>0</Managed>
    <Publisher>
      <UniqueName>OwnBackup</UniqueName>
      <LocalizedNames>
        <LocalizedName description="OwnBackup" languagecode="1033" />
      </LocalizedNames>
      <Descriptions />
      <EMailAddress xsi:nil="true"></EMailAddress>
      <SupportingWebsiteUrl xsi:nil="true"></SupportingWebsiteUrl>
      <CustomizationPrefix>own</CustomizationPrefix>
      <CustomizationOptionValuePrefix>13000</CustomizationOptionValuePrefix>
      <Addresses>
        <Address>
          <AddressNumber>1</AddressNumber>
          <AddressTypeCode>1</AddressTypeCode>
          <City xsi:nil="true"></City>
          <County xsi:nil="true"></County>
          <Country xsi:nil="true"></Country>
          <Fax xsi:nil="true"></Fax>
          <FreightTermsCode xsi:nil="true"></FreightTermsCode>
          <ImportSequenceNumber xsi:nil="true"></ImportSequenceNumber>
          <Latitude xsi:nil="true"></Latitude>
          <Line1 xsi:nil="true"></Line1>
          <Line2 xsi:nil="true"></Line2>
          <Line3 xsi:nil="true"></Line3>
          <Longitude xsi:nil="true"></Longitude>
          <Name xsi:nil="true"></Name>
          <PostalCode xsi:nil="true"></PostalCode>
          <PostOfficeBox xsi:nil="true"></PostOfficeBox>
          <PrimaryContactName xsi:nil="true"></PrimaryContactName>
          <ShippingMethodCode>1</ShippingMethodCode>
          <StateOrProvince xsi:nil="true"></StateOrProvince>
          <Telephone1 xsi:nil="true"></Telephone1>
          <Telephone2 xsi:nil="true"></Telephone2>
          <Telephone3 xsi:nil="true"></Telephone3>
          <TimeZoneRuleVersionNumber xsi:nil="true"></TimeZoneRuleVersionNumber>
          <UPSZone xsi:nil="true"></UPSZone>
          <UTCOffset xsi:nil="true"></UTCOffset>
          <UTCConversionTimeZoneCode xsi:nil="true"></UTCConversionTimeZoneCode>
        </Address>
        <Address>
          <AddressNumber>2</AddressNumber>
          <AddressTypeCode>1</AddressTypeCode>
          <City xsi:nil="true"></City>
          <County xsi:nil="true"></County>
          <Country xsi:nil="true"></Country>
          <Fax xsi:nil="true"></Fax>
          <FreightTermsCode xsi:nil="true"></FreightTermsCode>
          <ImportSequenceNumber xsi:nil="true"></ImportSequenceNumber>
          <Latitude xsi:nil="true"></Latitude>
          <Line1 xsi:nil="true"></Line1>
          <Line2 xsi:nil="true"></Line2>
          <Line3 xsi:nil="true"></Line3>
          <Longitude xsi:nil="true"></Longitude>
          <Name xsi:nil="true"></Name>
          <PostalCode xsi:nil="true"></PostalCode>
          <PostOfficeBox xsi:nil="true"></PostOfficeBox>
          <PrimaryContactName xsi:nil="true"></PrimaryContactName>
          <ShippingMethodCode>1</ShippingMethodCode>
          <StateOrProvince xsi:nil="true"></StateOrProvince>
          <Telephone1 xsi:nil="true"></Telephone1>
          <Telephone2 xsi:nil="true"></Telephone2>
          <Telephone3 xsi:nil="true"></Telephone3>
          <TimeZoneRuleVersionNumber xsi:nil="true"></TimeZoneRuleVersionNumber>
          <UPSZone xsi:nil="true"></UPSZone>
          <UTCOffset xsi:nil="true"></UTCOffset>
          <UTCConversionTimeZoneCode xsi:nil="true"></UTCConversionTimeZoneCode>
        </Address>
      </Addresses>
    </Publisher>
    <RootComponents>
      <RootComponent type="1" schemaName="incident" behavior="0" />
      <RootComponent type="1" schemaName="opportunity" behavior="1" />
      <RootComponent type="1" schemaName="own_demodatajob" behavior="0" />
      <RootComponent type="29" id="{3e727b68-4c1e-ed11-b83e-000d3a1feddb}" behavior="0" />
      <RootComponent type="29" id="{de155501-1eab-ec11-983f-002248267161}" behavior="0" />
      <RootComponent type="60" id="{eb3748b8-5f90-4050-a039-8b7d279ad8fe}" />
    </RootComponents>
    <MissingDependencies>
      <MissingDependency>
        <Required type="1" schemaName="contract" displayName="Contract" solution="msdynce_Service (9.0.5.56)">
          <package>msdynce_ServiceAnchor (9.0.22112.1020)</package>
        </Required>
        <Dependent type="60" displayName="Information" parentDisplayName="Case" id="{f658c846-f74c-459b-b591-b97558958106}" />
      </MissingDependency>
      <MissingDependency>
        <Required type="1" schemaName="incident" displayName="Case" solution="msdynce_Service (9.0.5.56)">
          <package>msdynce_ServiceAnchor (9.0.22112.1020)</package>
        </Required>
        <Dependent type="1" schemaName="incident" displayName="Case" />
      </MissingDependency>
      <MissingDependency>
        <Required type="1" schemaName="incident" displayName="Case" solution="msdynce_Service (9.0.5.56)">
          <package>msdynce_ServiceAnchor (9.0.22112.1020)</package>
        </Required>
        <Dependent type="10" schemaName="msdyn_msdyn_iotalert_incident_IoTAlert" displayName="msdyn_msdyn_iotalert_incident_IoTAlert" parentSchemaName="msdyn_iotalert" parentDisplayName="IoT Alert" />
      </MissingDependency>
      <MissingDependency>
        <Required type="1" schemaName="incident" displayName="Case" solution="msdynce_Service (9.0.5.56)">
          <package>msdynce_ServiceAnchor (9.0.22112.1020)</package>
        </Required>
        <Dependent type="2" schemaName="customerid" displayName="Customer" parentSchemaName="incident" parentDisplayName="Case" />
      </MissingDependency>
      <MissingDependency>
        <Required type="1" schemaName="incident" displayName="Case" solution="msdynce_Service (9.0.5.56)">
          <package>msdynce_ServiceAnchor (9.0.22112.1020)</package>
        </Required>
        <Dependent type="2" schemaName="customeridname" parentSchemaName="incident" parentDisplayName="Case" />
      </MissingDependency>
      <MissingDependency>
        <Required type="1" schemaName="incident" displayName="Case" solution="msdynce_Service (9.0.5.56)">
          <package>msdynce_ServiceAnchor (9.0.22112.1020)</package>
        </Required>
        <Dependent type="2" schemaName="customeridtype" displayName="Customer Type" parentSchemaName="incident" parentDisplayName="Case" />
      </MissingDependency>
      <MissingDependency>
        <Required type="1" schemaName="incident" displayName="Case" solution="msdynce_Service (9.0.5.56)">
          <package>msdynce_ServiceAnchor (9.0.22112.1020)</package>
        </Required>
        <Dependent type="2" schemaName="customeridyominame" parentSchemaName="incident" parentDisplayName="Case" />
      </MissingDependency>
      <MissingDependency>
        <Required type="1" schemaName="incident" displayName="Case" solution="msdynce_Service (9.0.5.56)">
          <package>msdynce_ServiceAnchor (9.0.22112.1020)</package>
        </Required>
        <Dependent type="2" schemaName="owneridtype" parentSchemaName="incident" parentDisplayName="Case" />
      </MissingDependency>
      <MissingDependency>
        <Required type="1" schemaName="incident" displayName="Case" solution="msdynce_Service (9.0.5.56)">
          <package>msdynce_ServiceAnchor (9.0.22112.1020)</package>
        </Required>
        <Dependent type="26" schemaName="Cases I Follow" displayName="Cases I Follow" parentSchemaName="incident" parentDisplayName="Case" id="{54949c89-5d90-e011-95ae-00155d9cfa02}" />
      </MissingDependency>
      <MissingDependency>
        <Required type="1" schemaName="incident" displayName="Case" solution="msdynce_Service (9.0.5.56)">
          <package>msdynce_ServiceAnchor (9.0.22112.1020)</package>
        </Required>
        <Dependent type="26" schemaName="Cases Being Followed" displayName="Cases Being Followed" parentSchemaName="incident" parentDisplayName="Case" id="{54949c89-5d90-e011-95ae-00155d9cfa03}" />
      </MissingDependency>
      <MissingDependency>
        <Required type="1" schemaName="incident" displayName="Case" solution="msdynce_Service (9.0.5.56)">
          <package>msdynce_ServiceAnchor (9.0.22112.1020)</package>
        </Required>
        <Dependent type="29" displayName="Daily Demo Data Job CUDOP Batches" id="{3e727b68-4c1e-ed11-b83e-000d3a1feddb}" />
      </MissingDependency>
      <MissingDependency>
        <Required type="1" schemaName="incident" displayName="Case" solution="msdynce_Service (9.0.5.56)">
          <package>msdynce_ServiceAnchor (9.0.22112.1020)</package>
        </Required>
        <Dependent type="29" displayName="Daily Row Count for Accounts, Contacts, Opportunities, Cases, and Appointments" id="{de155501-1eab-ec11-983f-002248267161}" />
      </MissingDependency>
      <MissingDependency>
        <Required type="1" schemaName="msdyn_aicontactsuggestion" displayName="Teams Contact Suggestion by AI" solution="msdyn_Collaboration (9.1.22106.10007)">
          <package>msdynce_OfficeProductivityAnchor (9.0.22112.10001)</package>
        </Required>
        <Dependent type="1" schemaName="incident" displayName="Case" />
      </MissingDependency>
      <MissingDependency>
        <Required type="1" schemaName="msdyn_caseenrichment" displayName="Case Enrichment" solution="msdyn_CSIntelligence (1.0.0.1002)">
          <package>msdyn_ServiceExtendedAnchor (9.0.22112.1016)</package>
          <package>msdynce_ServiceAnchor (9.0.22112.1020)</package>
        </Required>
        <Dependent type="1" schemaName="incident" displayName="Case" />
      </MissingDependency>
      <MissingDependency>
        <Required type="1" schemaName="msdyn_casesuggestion" displayName="Case Suggestion" solution="msdyn_CSIntelligence (1.0.0.1002)">
          <package>msdyn_ServiceExtendedAnchor (9.0.22112.1016)</package>
          <package>msdynce_ServiceAnchor (9.0.22112.1020)</package>
        </Required>
        <Dependent type="1" schemaName="incident" displayName="Case" />
      </MissingDependency>
      <MissingDependency>
        <Required type="1" schemaName="msdyn_casesuggestionrequestpayload" displayName="Case Suggestion Request Payload" solution="msdyn_CSIntelligence (1.0.0.1002)">
          <package>msdyn_ServiceExtendedAnchor (9.0.22112.1016)</package>
          <package>msdynce_ServiceAnchor (9.0.22112.1020)</package>
        </Required>
        <Dependent type="1" schemaName="incident" displayName="Case" />
      </MissingDependency>
      <MissingDependency>
        <Required type="1" schemaName="msdyn_casetopic_incident" displayName="Case topic Incident mapping" solution="msdyn_AnalyticsForCS (1.2.22305.4)">
          <package>msdyn_ServiceExtendedAnchor (9.0.22112.1016)</package>
        </Required>
        <Dependent type="1" schemaName="incident" displayName="Case" />
      </MissingDependency>
      <MissingDependency>
        <Required type="1" schemaName="msdyn_iotalert" displayName="IoT Alert" solution="IoTConnector (1.8.9.7)">
          <package>msdynce_ServiceAnchor (9.0.22112.1020)</package>
        </Required>
        <Dependent type="1" schemaName="incident" displayName="Case" />
      </MissingDependency>
      <MissingDependency>
        <Required type="1" schemaName="msdyn_iotalert" displayName="IoT Alert" solution="IoTConnector (1.8.9.7)">
          <package>msdynce_ServiceAnchor (9.0.22112.1020)</package>
        </Required>
        <Dependent type="10" schemaName="msdyn_msdyn_iotalert_incident_IoTAlert" displayName="msdyn_msdyn_iotalert_incident_IoTAlert" parentSchemaName="msdyn_iotalert" parentDisplayName="IoT Alert" />
      </MissingDependency>
      <MissingDependency>
        <Required type="1" schemaName="msdyn_iottocaseprocess" displayName="IoT Alert to Case Process" solution="msdyn_ConnectedCustomerService (9.0.20115.1027)">
          <package>msdynce_ServiceAnchor (9.0.22112.1020)</package>
        </Required>
        <Dependent type="1" schemaName="incident" displayName="Case" />
      </MissingDependency>
      <MissingDependency>
        <Required type="1" schemaName="msdyn_suggestioninteraction" displayName="Suggestion Interaction" solution="msdyn_CSIntelligence (1.0.0.1002)">
          <package>msdyn_ServiceExtendedAnchor (9.0.22112.1016)</package>
          <package>msdynce_ServiceAnchor (9.0.22112.1020)</package>
        </Required>
        <Dependent type="1" schemaName="incident" displayName="Case" />
      </MissingDependency>
      <MissingDependency>
        <Required type="1" schemaName="msdyn_suggestionrequestpayload" displayName="Suggestion request payload" solution="msdyn_CSIntelligence (1.0.0.1002)">
          <package>msdyn_ServiceExtendedAnchor (9.0.22112.1016)</package>
          <package>msdynce_ServiceAnchor (9.0.22112.1020)</package>
        </Required>
        <Dependent type="1" schemaName="incident" displayName="Case" />
      </MissingDependency>
      <MissingDependency>
        <Required type="1" schemaName="msdyn_swarm" displayName="Swarm" solution="msdyn_Swarming (9.0.22112.1016)">
          <package>msdyn_ServiceExtendedAnchor (9.0.22112.1016)</package>
        </Required>
        <Dependent type="1" schemaName="incident" displayName="Case" />
      </MissingDependency>
      <MissingDependency>
        <Required type="1" schemaName="opportunity" displayName="Opportunity" solution="msdynce_Sales (9.0.4.0076)">
          <package>msdynce_SalesAnchor (9.0.22112.10002)</package>
        </Required>
        <Dependent type="1" schemaName="opportunity" displayName="Opportunity" />
      </MissingDependency>
      <MissingDependency>
        <Required type="1" schemaName="opportunity" displayName="Opportunity" solution="msdynce_Sales (9.0.4.0076)">
          <package>msdynce_SalesAnchor (9.0.22112.10002)</package>
        </Required>
        <Dependent type="29" displayName="Daily Demo Data Job CUDOP Batches" id="{3e727b68-4c1e-ed11-b83e-000d3a1feddb}" />
      </MissingDependency>
      <MissingDependency>
        <Required type="1" schemaName="opportunity" displayName="Opportunity" solution="msdynce_Sales (9.0.4.0076)">
          <package>msdynce_SalesAnchor (9.0.22112.10002)</package>
        </Required>
        <Dependent type="29" displayName="Daily Row Count for Accounts, Contacts, Opportunities, Cases, and Appointments" id="{de155501-1eab-ec11-983f-002248267161}" />
      </MissingDependency>
      <MissingDependency>
        <Required type="10" schemaName="msdyn_msdyn_iotalert_incident_IoTAlert" displayName="msdyn_msdyn_iotalert_incident_IoTAlert" parentSchemaName="msdyn_iotalert" parentDisplayName="IoT Alert" solution="msdyn_ConnectedCustomerService (9.0.20115.1027)">
          <package>msdynce_ServiceAnchor (9.0.22112.1020)</package>
        </Required>
        <Dependent type="10" schemaName="msdyn_msdyn_iotalert_incident_IoTAlert" displayName="msdyn_msdyn_iotalert_incident_IoTAlert" parentSchemaName="msdyn_iotalert" parentDisplayName="IoT Alert" />
      </MissingDependency>
      <MissingDependency>
        <Required type="2" schemaName="caseorigincode" displayName="Origin" parentSchemaName="incident" parentDisplayName="Case" solution="msdynce_Service (9.0.5.56)">
          <package>msdynce_ServiceAnchor (9.0.22112.1020)</package>
        </Required>
        <Dependent type="60" displayName="Information" parentDisplayName="Case" id="{f658c846-f74c-459b-b591-b97558958106}" />
      </MissingDependency>
      <MissingDependency>
        <Required type="2" schemaName="casetypecode" displayName="Case Type" parentSchemaName="incident" parentDisplayName="Case" solution="msdynce_Service (9.0.5.56)">
          <package>msdynce_ServiceAnchor (9.0.22112.1020)</package>
        </Required>
        <Dependent type="60" displayName="Information" parentDisplayName="Case" id="{f658c846-f74c-459b-b591-b97558958106}" />
      </MissingDependency>
      <MissingDependency>
        <Required type="2" schemaName="contractdetailid" displayName="Contract Line" parentSchemaName="incident" parentDisplayName="Case" solution="msdynce_Service (9.0.5.56)">
          <package>msdynce_ServiceAnchor (9.0.22112.1020)</package>
        </Required>
        <Dependent type="60" displayName="Information" parentDisplayName="Case" id="{f658c846-f74c-459b-b591-b97558958106}" />
      </MissingDependency>
      <MissingDependency>
        <Required type="2" schemaName="contractid" displayName="Contract" parentSchemaName="incident" parentDisplayName="Case" solution="msdynce_Service (9.0.5.56)">
          <package>msdynce_ServiceAnchor (9.0.22112.1020)</package>
        </Required>
        <Dependent type="60" displayName="Information" parentDisplayName="Case" id="{f658c846-f74c-459b-b591-b97558958106}" />
      </MissingDependency>
      <MissingDependency>
        <Required type="2" schemaName="contractservicelevelcode" displayName="Service Level" parentSchemaName="incident" parentDisplayName="Case" solution="msdynce_Service (9.0.5.56)">
          <package>msdynce_ServiceAnchor (9.0.22112.1020)</package>
        </Required>
        <Dependent type="60" displayName="Information" parentDisplayName="Case" id="{f658c846-f74c-459b-b591-b97558958106}" />
      </MissingDependency>
      <MissingDependency>
        <Required type="2" schemaName="createdon" displayName="Created On" parentSchemaName="incident" parentDisplayName="Case" solution="msdynce_Service (9.0.5.56)">
          <package>msdynce_ServiceAnchor (9.0.22112.1020)</package>
        </Required>
        <Dependent type="26" schemaName="Cases I Follow" displayName="Cases I Follow" parentSchemaName="incident" parentDisplayName="Case" id="{54949c89-5d90-e011-95ae-00155d9cfa02}" />
      </MissingDependency>
      <MissingDependency>
        <Required type="2" schemaName="createdon" displayName="Created On" parentSchemaName="incident" parentDisplayName="Case" solution="msdynce_Service (9.0.5.56)">
          <package>msdynce_ServiceAnchor (9.0.22112.1020)</package>
        </Required>
        <Dependent type="26" schemaName="Cases Being Followed" displayName="Cases Being Followed" parentSchemaName="incident" parentDisplayName="Case" id="{54949c89-5d90-e011-95ae-00155d9cfa03}" />
      </MissingDependency>
      <MissingDependency>
        <Required type="2" schemaName="createdon" displayName="Created On" parentSchemaName="incident" parentDisplayName="Case" solution="msdynce_Service (9.0.5.56)">
          <package>msdynce_ServiceAnchor (9.0.22112.1020)</package>
        </Required>
        <Dependent type="60" displayName="Cases Dashboard" parentDisplayName="Case" id="{eb3748b8-5f90-4050-a039-8b7d279ad8fe}" />
      </MissingDependency>
      <MissingDependency>
        <Required type="2" schemaName="customerid" displayName="Customer" parentSchemaName="incident" parentDisplayName="Case" solution="msdynce_Service (9.0.5.56)">
          <package>msdynce_ServiceAnchor (9.0.22112.1020)</package>
        </Required>
        <Dependent type="2" schemaName="customerid" displayName="Customer" parentSchemaName="incident" parentDisplayName="Case" />
      </MissingDependency>
      <MissingDependency>
        <Required type="2" schemaName="customerid" displayName="Customer" parentSchemaName="incident" parentDisplayName="Case" solution="msdynce_Service (9.0.5.56)">
          <package>msdynce_ServiceAnchor (9.0.22112.1020)</package>
        </Required>
        <Dependent type="60" displayName="Information" parentDisplayName="Case" id="{f658c846-f74c-459b-b591-b97558958106}" />
      </MissingDependency>
      <MissingDependency>
        <Required type="2" schemaName="customersatisfactioncode" displayName="Satisfaction" parentSchemaName="incident" parentDisplayName="Case" solution="msdynce_Service (9.0.5.56)">
          <package>msdynce_ServiceAnchor (9.0.22112.1020)</package>
        </Required>
        <Dependent type="60" displayName="Information" parentDisplayName="Case" id="{f658c846-f74c-459b-b591-b97558958106}" />
      </MissingDependency>
      <MissingDependency>
        <Required type="2" schemaName="followupby" displayName="Follow Up By" parentSchemaName="incident" parentDisplayName="Case" solution="msdynce_Service (9.0.5.56)">
          <package>msdynce_ServiceAnchor (9.0.22112.1020)</package>
        </Required>
        <Dependent type="60" displayName="Information" parentDisplayName="Case" id="{f658c846-f74c-459b-b591-b97558958106}" />
      </MissingDependency>
      <MissingDependency>
        <Required type="2" schemaName="incidentid" displayName="Case" parentSchemaName="incident" parentDisplayName="Case" solution="msdynce_Service (9.0.5.56)">
          <package>msdynce_ServiceAnchor (9.0.22112.1020)</package>
        </Required>
        <Dependent type="26" schemaName="Cases I Follow" displayName="Cases I Follow" parentSchemaName="incident" parentDisplayName="Case" id="{54949c89-5d90-e011-95ae-00155d9cfa02}" />
      </MissingDependency>
      <MissingDependency>
        <Required type="2" schemaName="incidentid" displayName="Case" parentSchemaName="incident" parentDisplayName="Case" solution="msdynce_Service (9.0.5.56)">
          <package>msdynce_ServiceAnchor (9.0.22112.1020)</package>
        </Required>
        <Dependent type="26" schemaName="Cases Being Followed" displayName="Cases Being Followed" parentSchemaName="incident" parentDisplayName="Case" id="{54949c89-5d90-e011-95ae-00155d9cfa03}" />
      </MissingDependency>
      <MissingDependency>
        <Required type="2" schemaName="kbarticleid" displayName="Knowledge Base Article" parentSchemaName="incident" parentDisplayName="Case" solution="msdynce_Service (9.0.5.56)">
          <package>msdynce_ServiceAnchor (9.0.22112.1020)</package>
        </Required>
        <Dependent type="60" displayName="Information" parentDisplayName="Case" id="{f658c846-f74c-459b-b591-b97558958106}" />
      </MissingDependency>
      <MissingDependency>
        <Required type="2" schemaName="msdyn_iotalert" displayName="IoT Alert" parentSchemaName="incident" parentDisplayName="Case" solution="msdyn_ConnectedCustomerService (9.0.20115.1027)">
          <package>msdynce_ServiceAnchor (9.0.22112.1020)</package>
        </Required>
        <Dependent type="10" schemaName="msdyn_msdyn_iotalert_incident_IoTAlert" displayName="msdyn_msdyn_iotalert_incident_IoTAlert" parentSchemaName="msdyn_iotalert" parentDisplayName="IoT Alert" />
      </MissingDependency>
      <MissingDependency>
        <Required type="2" schemaName="ownerid" displayName="Owner" parentSchemaName="incident" parentDisplayName="Case" solution="msdynce_Service (9.0.5.56)">
          <package>msdynce_ServiceAnchor (9.0.22112.1020)</package>
        </Required>
        <Dependent type="60" displayName="Information" parentDisplayName="Case" id="{f658c846-f74c-459b-b591-b97558958106}" />
      </MissingDependency>
      <MissingDependency>
        <Required type="2" schemaName="prioritycode" displayName="Priority" parentSchemaName="incident" parentDisplayName="Case" solution="msdynce_Service (9.0.5.56)">
          <package>msdynce_ServiceAnchor (9.0.22112.1020)</package>
        </Required>
        <Dependent type="26" schemaName="Cases I Follow" displayName="Cases I Follow" parentSchemaName="incident" parentDisplayName="Case" id="{54949c89-5d90-e011-95ae-00155d9cfa02}" />
      </MissingDependency>
      <MissingDependency>
        <Required type="2" schemaName="prioritycode" displayName="Priority" parentSchemaName="incident" parentDisplayName="Case" solution="msdynce_Service (9.0.5.56)">
          <package>msdynce_ServiceAnchor (9.0.22112.1020)</package>
        </Required>
        <Dependent type="26" schemaName="Cases Being Followed" displayName="Cases Being Followed" parentSchemaName="incident" parentDisplayName="Case" id="{54949c89-5d90-e011-95ae-00155d9cfa03}" />
      </MissingDependency>
      <MissingDependency>
        <Required type="2" schemaName="prioritycode" displayName="Priority" parentSchemaName="incident" parentDisplayName="Case" solution="msdynce_Service (9.0.5.56)">
          <package>msdynce_ServiceAnchor (9.0.22112.1020)</package>
        </Required>
        <Dependent type="60" displayName="Information" parentDisplayName="Case" id="{f658c846-f74c-459b-b591-b97558958106}" />
      </MissingDependency>
      <MissingDependency>
        <Required type="2" schemaName="productid" displayName="Product" parentSchemaName="incident" parentDisplayName="Case" solution="msdynce_Service (9.0.5.56)">
          <package>msdynce_ServiceAnchor (9.0.22112.1020)</package>
        </Required>
        <Dependent type="60" displayName="Information" parentDisplayName="Case" id="{f658c846-f74c-459b-b591-b97558958106}" />
      </MissingDependency>
      <MissingDependency>
        <Required type="2" schemaName="productserialnumber" displayName="Serial Number" parentSchemaName="incident" parentDisplayName="Case" solution="msdynce_Service (9.0.5.56)">
          <package>msdynce_ServiceAnchor (9.0.22112.1020)</package>
        </Required>
        <Dependent type="60" displayName="Information" parentDisplayName="Case" id="{f658c846-f74c-459b-b591-b97558958106}" />
      </MissingDependency>
      <MissingDependency>
        <Required type="2" schemaName="statecode" displayName="Status" parentSchemaName="incident" parentDisplayName="Case" solution="msdynce_Service (9.0.5.56)">
          <package>msdynce_ServiceAnchor (9.0.22112.1020)</package>
        </Required>
        <Dependent type="26" schemaName="Cases I Follow" displayName="Cases I Follow" parentSchemaName="incident" parentDisplayName="Case" id="{54949c89-5d90-e011-95ae-00155d9cfa02}" />
      </MissingDependency>
      <MissingDependency>
        <Required type="2" schemaName="statecode" displayName="Status" parentSchemaName="incident" parentDisplayName="Case" solution="msdynce_Service (9.0.5.56)">
          <package>msdynce_ServiceAnchor (9.0.22112.1020)</package>
        </Required>
        <Dependent type="26" schemaName="Cases Being Followed" displayName="Cases Being Followed" parentSchemaName="incident" parentDisplayName="Case" id="{54949c89-5d90-e011-95ae-00155d9cfa03}" />
      </MissingDependency>
      <MissingDependency>
        <Required type="2" schemaName="statuscode" displayName="Status Reason" parentSchemaName="incident" parentDisplayName="Case" solution="msdynce_Service (9.0.5.56)">
          <package>msdynce_ServiceAnchor (9.0.22112.1020)</package>
        </Required>
        <Dependent type="60" displayName="Information" parentDisplayName="Case" id="{f658c846-f74c-459b-b591-b97558958106}" />
      </MissingDependency>
      <MissingDependency>
        <Required type="2" schemaName="subjectid" displayName="Subject" parentSchemaName="incident" parentDisplayName="Case" solution="msdynce_Service (9.0.5.56)">
          <package>msdynce_ServiceAnchor (9.0.22112.1020)</package>
        </Required>
        <Dependent type="60" displayName="Information" parentDisplayName="Case" id="{f658c846-f74c-459b-b591-b97558958106}" />
      </MissingDependency>
      <MissingDependency>
        <Required type="2" schemaName="ticketnumber" displayName="Case Number" parentSchemaName="incident" parentDisplayName="Case" solution="msdynce_Service (9.0.5.56)">
          <package>msdynce_ServiceAnchor (9.0.22112.1020)</package>
        </Required>
        <Dependent type="26" schemaName="Cases I Follow" displayName="Cases I Follow" parentSchemaName="incident" parentDisplayName="Case" id="{54949c89-5d90-e011-95ae-00155d9cfa02}" />
      </MissingDependency>
      <MissingDependency>
        <Required type="2" schemaName="ticketnumber" displayName="Case Number" parentSchemaName="incident" parentDisplayName="Case" solution="msdynce_Service (9.0.5.56)">
          <package>msdynce_ServiceAnchor (9.0.22112.1020)</package>
        </Required>
        <Dependent type="26" schemaName="Cases Being Followed" displayName="Cases Being Followed" parentSchemaName="incident" parentDisplayName="Case" id="{54949c89-5d90-e011-95ae-00155d9cfa03}" />
      </MissingDependency>
      <MissingDependency>
        <Required type="2" schemaName="title" displayName="Case Title" parentSchemaName="incident" parentDisplayName="Case" solution="msdynce_Service (9.0.5.56)">
          <package>msdynce_ServiceAnchor (9.0.22112.1020)</package>
        </Required>
        <Dependent type="26" schemaName="Cases I Follow" displayName="Cases I Follow" parentSchemaName="incident" parentDisplayName="Case" id="{54949c89-5d90-e011-95ae-00155d9cfa02}" />
      </MissingDependency>
      <MissingDependency>
        <Required type="2" schemaName="title" displayName="Case Title" parentSchemaName="incident" parentDisplayName="Case" solution="msdynce_Service (9.0.5.56)">
          <package>msdynce_ServiceAnchor (9.0.22112.1020)</package>
        </Required>
        <Dependent type="26" schemaName="Cases Being Followed" displayName="Cases Being Followed" parentSchemaName="incident" parentDisplayName="Case" id="{54949c89-5d90-e011-95ae-00155d9cfa03}" />
      </MissingDependency>
      <MissingDependency>
        <Required type="2" schemaName="title" displayName="Case Title" parentSchemaName="incident" parentDisplayName="Case" solution="msdynce_Service (9.0.5.56)">
          <package>msdynce_ServiceAnchor (9.0.22112.1020)</package>
        </Required>
        <Dependent type="60" displayName="Information" parentDisplayName="Case" id="{f658c846-f74c-459b-b591-b97558958106}" />
      </MissingDependency>
      <MissingDependency>
        <Required type="2" schemaName="msdyn_description" displayName="Description" parentSchemaName="msdyn_iotalert" parentDisplayName="IoT Alert" solution="IoTConnector (1.8.9.7)">
          <package>msdynce_ServiceAnchor (9.0.22112.1020)</package>
        </Required>
        <Dependent type="10" schemaName="msdyn_msdyn_iotalert_incident_IoTAlert" displayName="msdyn_msdyn_iotalert_incident_IoTAlert" parentSchemaName="msdyn_iotalert" parentDisplayName="IoT Alert" />
      </MissingDependency>
      <MissingDependency>
        <Required type="2" schemaName="msdyn_iotalertid" displayName="IoT Alert" parentSchemaName="msdyn_iotalert" parentDisplayName="IoT Alert" solution="IoTConnector (1.8.9.7)">
          <package>msdynce_ServiceAnchor (9.0.22112.1020)</package>
        </Required>
        <Dependent type="10" schemaName="msdyn_msdyn_iotalert_incident_IoTAlert" displayName="msdyn_msdyn_iotalert_incident_IoTAlert" parentSchemaName="msdyn_iotalert" parentDisplayName="IoT Alert" />
      </MissingDependency>
      <MissingDependency>
        <Required type="26" schemaName="My Active Cases" displayName="My Active Cases" parentSchemaName="incident" parentDisplayName="Case" solution="msdynce_Service (9.0.5.56)" id="{00000000-0000-0000-00aa-000010001028}">
          <package>msdynce_ServiceAnchor (9.0.22112.1020)</package>
        </Required>
        <Dependent type="60" displayName="Cases Dashboard" parentDisplayName="Case" id="{eb3748b8-5f90-4050-a039-8b7d279ad8fe}" />
      </MissingDependency>
      <MissingDependency>
        <Required type="26" schemaName="My Resolved Cases" displayName="My Resolved Cases" parentSchemaName="incident" parentDisplayName="Case" solution="msdynce_Service (9.0.5.56)" id="{00000000-0000-0000-00aa-000010001029}">
          <package>msdynce_ServiceAnchor (9.0.22112.1020)</package>
        </Required>
        <Dependent type="60" displayName="Cases Dashboard" parentDisplayName="Case" id="{eb3748b8-5f90-4050-a039-8b7d279ad8fe}" />
      </MissingDependency>
      <MissingDependency>
        <Required type="26" schemaName="Active Cases" displayName="Active Cases" parentSchemaName="incident" parentDisplayName="Case" solution="msdynce_Service (9.0.5.56)" id="{00000000-0000-0000-00aa-000010001032}">
          <package>msdynce_ServiceAnchor (9.0.22112.1020)</package>
        </Required>
        <Dependent type="60" displayName="Cases Dashboard" parentDisplayName="Case" id="{eb3748b8-5f90-4050-a039-8b7d279ad8fe}" />
      </MissingDependency>
      <MissingDependency>
        <Required type="26" schemaName="Active Products Lookup View" displayName="Active Products Lookup View" parentSchemaName="product" parentDisplayName="Product" solution="msdynce_ProductManagement (9.0.4.0066)" id="{58afc3c5-8add-4552-98cb-473bc8f75619}">
          <package>msdynce_ProductManagementAnchor (9.0.22112.10004)</package>
        </Required>
        <Dependent type="60" displayName="Information" parentDisplayName="Case" id="{f658c846-f74c-459b-b591-b97558958106}" />
      </MissingDependency>
      <MissingDependency>
        <Required type="26" schemaName="Active Contracts" displayName="Active Contracts" parentSchemaName="contract" parentDisplayName="Contract" solution="msdynce_Service (9.0.5.56)" id="{646de3ee-ebfb-4d19-8a44-4a619505e188}">
          <package>msdynce_ServiceAnchor (9.0.22112.1020)</package>
        </Required>
        <Dependent type="60" displayName="Information" parentDisplayName="Case" id="{f658c846-f74c-459b-b591-b97558958106}" />
      </MissingDependency>
      <MissingDependency>
        <Required type="26" schemaName="Contract Line With Allotments" displayName="Contract Line With Allotments" parentSchemaName="contractdetail" parentDisplayName="Contract Line" solution="msdynce_Service (9.0.5.56)" id="{8fa2705c-7e4c-4c0e-b611-4593b35a4c9e}">
          <package>msdynce_ServiceAnchor (9.0.22112.1020)</package>
        </Required>
        <Dependent type="60" displayName="Information" parentDisplayName="Case" id="{f658c846-f74c-459b-b591-b97558958106}" />
      </MissingDependency>
      <MissingDependency>
        <Required type="59" schemaName="Cases by Priority" displayName="Cases by Priority" parentSchemaName="incident" parentDisplayName="Case" solution="msdynce_Service (9.0.5.56)" id="{0f0fb995-9d6f-453c-b26d-8f443e42e676}">
          <package>msdynce_ServiceAnchor (9.0.22112.1020)</package>
        </Required>
        <Dependent type="60" displayName="Cases Dashboard" parentDisplayName="Case" id="{eb3748b8-5f90-4050-a039-8b7d279ad8fe}" />
      </MissingDependency>
      <MissingDependency>
        <Required type="59" schemaName="Cases By Account" displayName="Cases By Account" parentSchemaName="incident" parentDisplayName="Case" solution="msdynce_Service (9.0.5.56)" id="{38872e4f-ac99-e511-80da-00155dc1b253}">
          <package>msdynce_ServiceAnchor (9.0.22112.1020)</package>
        </Required>
        <Dependent type="60" displayName="Cases Dashboard" parentDisplayName="Case" id="{eb3748b8-5f90-4050-a039-8b7d279ad8fe}" />
      </MissingDependency>
      <MissingDependency>
        <Required type="59" schemaName="Case Mix (By Origin)" displayName="Case Mix (By Origin)" parentSchemaName="incident" parentDisplayName="Case" solution="msdynce_Service (9.0.5.56)" id="{99782da3-a382-de11-9ff3-00155da3b012}">
          <package>msdynce_ServiceAnchor (9.0.22112.1020)</package>
        </Required>
        <Dependent type="60" displayName="Cases Dashboard" parentDisplayName="Case" id="{eb3748b8-5f90-4050-a039-8b7d279ad8fe}" />
      </MissingDependency>
      <MissingDependency>
        <Required type="59" schemaName="Cases by SLA Status Over Week" displayName="Cases by SLA Status Over Week" parentSchemaName="incident" parentDisplayName="Case" solution="msdynce_Service (9.0.5.56)" id="{997cbf5a-1c09-4990-b174-a8ef1530092b}">
          <package>msdynce_ServiceAnchor (9.0.22112.1020)</package>
        </Required>
        <Dependent type="60" displayName="Cases Dashboard" parentDisplayName="Case" id="{eb3748b8-5f90-4050-a039-8b7d279ad8fe}" />
      </MissingDependency>
      <MissingDependency>
        <Required type="60" displayName="Cases Dashboard" parentDisplayName="Case" solution="msdynce_Service (9.0.5.56)" id="{eb3748b8-5f90-4050-a039-8b7d279ad8fe}">
          <package>msdynce_ServiceAnchor (9.0.22112.1020)</package>
        </Required>
        <Dependent type="60" displayName="Cases Dashboard" parentDisplayName="Case" id="{eb3748b8-5f90-4050-a039-8b7d279ad8fe}" />
      </MissingDependency>
      <MissingDependency>
        <Required type="60" displayName="Information" parentDisplayName="Case" solution="msdynce_Service (9.0.5.56)" id="{f658c846-f74c-459b-b591-b97558958106}">
          <package>msdynce_ServiceAnchor (9.0.22112.1020)</package>
        </Required>
        <Dependent type="60" displayName="Information" parentDisplayName="Case" id="{f658c846-f74c-459b-b591-b97558958106}" />
      </MissingDependency>
      <MissingDependency>
        <Required type="61" schemaName="msdyn_/ActivityFeeds.Form.js" displayName="msdyn_/ActivityFeeds.Form.js" solution="ActivityFeedsCore (9.0.0.0008)" />
        <Dependent type="60" displayName="Information" parentDisplayName="Case" id="{f658c846-f74c-459b-b591-b97558958106}" />
      </MissingDependency>
      <MissingDependency>
        <Required type="61" schemaName="msdyn_/RecordWall.htm" displayName="msdyn_/RecordWall.htm" solution="ActivityFeedsCore (9.0.0.0008)" />
        <Dependent type="60" displayName="Information" parentDisplayName="Case" id="{f658c846-f74c-459b-b591-b97558958106}" />
      </MissingDependency>
    </MissingDependencies>
  </SolutionManifest>
</ImportExportXml>