{
  "properties": {
    "connectionReferences": {
      "shared_commondataserviceforapps": {
        "runtimeSource": "embedded",
        "connection": {
          "connectionReferenceLogicalName": "new_sharedcommondataserviceforapps_faa0a"
        },
        "api": {
          "name": "shared_commondataserviceforapps"
        }
      }
    },
    "definition": {
      "$schema": "https://schema.management.azure.com/providers/Microsoft.Logic/schemas/2016-06-01/workflowdefinition.json#",
      "contentVersion": "1.0.0.0",
      "parameters": {
        "$connections": {
          "defaultValue": {},
          "type": "Object"
        },
        "$authentication": {
          "defaultValue": {},
          "type": "SecureObject"
        }
      },
      "triggers": {
        "When_a_row_is_added,_modified_or_deleted": {
          "metadata": {
            "operationMetadataId": "2b80c285-3dcf-4971-b897-5aaaa4330184"
          },
          "type": "OpenApiConnectionWebhook",
          "inputs": {
            "host": {
              "connectionName": "shared_commondataserviceforapps",
              "operationId": "SubscribeWebhookTrigger",
              "apiId": "/providers/Microsoft.PowerApps/apis/shared_commondataserviceforapps"
            },
            "parameters": {
              "subscriptionRequest/message": 1,
              "subscriptionRequest/entityname": "own_pocdatamanagementjob",
              "subscriptionRequest/scope": 4
            },
            "authentication": "@parameters('$authentication')"
          }
        }
      },
      "actions": {
        "Condition": {
          "actions": {
            "Scope:_Account_Updates": {
              "actions": {
                "List_rows:_Accounts_to_Update": {
                  "runAfter": {},
                  "metadata": {
                    "operationMetadataId": "3b731bf4-39c9-44ab-ae72-26058969322b"
                  },
                  "type": "OpenApiConnection",
                  "inputs": {
                    "host": {
                      "connectionName": "shared_commondataserviceforapps",
                      "operationId": "ListRecords",
                      "apiId": "/providers/Microsoft.PowerApps/apis/shared_commondataserviceforapps"
                    },
                    "parameters": {
                      "entityName": "accounts",
                      "fetchXml": "<fetch version=\"1.0\" output-format=\"xml-platform\" mapping=\"logical\" no-lock=\"false\" distinct=\"true\">\n<entity name=\"account\">\n<attribute name=\"entityimage_url\"/>\n<attribute name=\"parentaccountid\"/>\n<attribute name=\"statecode\"/>\n<attribute name=\"name\"/>\n<order attribute=\"name\" descending=\"false\"/>\n<attribute name=\"accountid\"/>\n<filter type=\"and\">\n<condition attribute=\"name\" operator=\"not-like\" value=\"zz%\"/>\n</filter>\n</entity>\n</fetch>",
                      "$top": "@variables('RecordsToWorkWith')"
                    },
                    "authentication": "@parameters('$authentication')"
                  }
                },
                "Apply_to_each:_Account_to_Update": {
                  "foreach": "@outputs('List_rows:_Accounts_to_Update')?['body/value']",
                  "actions": {
                    "Update_a_row:_Account_to_Update": {
                      "runAfter": {},
                      "metadata": {
                        "operationMetadataId": "3b147660-6fd5-4fa6-aab9-911ffe96a18f"
                      },
                      "type": "OpenApiConnection",
                      "inputs": {
                        "host": {
                          "connectionName": "shared_commondataserviceforapps",
                          "operationId": "UpdateRecord",
                          "apiId": "/providers/Microsoft.PowerApps/apis/shared_commondataserviceforapps"
                        },
                        "parameters": {
                          "entityName": "accounts",
                          "recordId": "@items('Apply_to_each:_Account_to_Update')?['accountid']",
                          "item/revenue": "@rand(1,999999)",
                          "item/description": "@concat('Automatically updated on', utcNow())",
                          "item/numberofemployees": "@rand(1,80000)"
                        },
                        "authentication": "@parameters('$authentication')"
                      }
                    }
                  },
                  "runAfter": {
                    "List_rows:_Accounts_to_Update": [
                      "Succeeded"
                    ]
                  },
                  "metadata": {
                    "operationMetadataId": "1b8f891c-1828-4e5e-855e-5b90747ca362"
                  },
                  "type": "Foreach"
                },
                "Reset_variable:_RecordsToWorkWith_after_Account_Updates": {
                  "runAfter": {
                    "Apply_to_each:_Account_to_Update": [
                      "Succeeded"
                    ]
                  },
                  "metadata": {
                    "operationMetadataId": "3ebafed0-90ed-4c71-ad39-a98a32ba7a7a"
                  },
                  "type": "SetVariable",
                  "inputs": {
                    "name": "RecordsToWorkWith",
                    "value": 0
                  }
                }
              },
              "runAfter": {},
              "metadata": {
                "operationMetadataId": "0144a956-3e59-4d82-a97d-d81ac042c5d1"
              },
              "type": "Scope"
            },
            "Scope:_Account_Deletes": {
              "actions": {
                "List_rows:_Accounts_to_Delete": {
                  "runAfter": {},
                  "metadata": {
                    "operationMetadataId": "c15d3212-4209-44b9-9bc5-b341928616a8"
                  },
                  "type": "OpenApiConnection",
                  "inputs": {
                    "host": {
                      "connectionName": "shared_commondataserviceforapps",
                      "operationId": "ListRecords",
                      "apiId": "/providers/Microsoft.PowerApps/apis/shared_commondataserviceforapps"
                    },
                    "parameters": {
                      "entityName": "accounts",
                      "fetchXml": "<fetch version=\"1.0\" output-format=\"xml-platform\" mapping=\"logical\" no-lock=\"false\" distinct=\"true\">\n<entity name=\"account\">\n<attribute name=\"entityimage_url\"/>\n<attribute name=\"parentaccountid\"/>\n<attribute name=\"statecode\"/>\n<attribute name=\"name\"/>\n<order attribute=\"name\" descending=\"false\"/>\n<attribute name=\"accountid\"/>\n<filter type=\"and\">\n<condition attribute=\"name\" operator=\"like\" value=\"zz%\"/>\n</filter>\n</entity>\n</fetch>",
                      "$top": "@variables('RecordsToWorkWith')"
                    },
                    "authentication": "@parameters('$authentication')"
                  }
                },
                "Apply_to_each:_Account_Deletion": {
                  "foreach": "@outputs('List_rows:_Accounts_to_Delete')?['body/value']",
                  "actions": {
                    "Delete_a_row:_Account": {
                      "runAfter": {},
                      "metadata": {
                        "operationMetadataId": "ab27adcb-786a-4bb8-b1e4-6383d1bf3ea0"
                      },
                      "type": "OpenApiConnection",
                      "inputs": {
                        "host": {
                          "connectionName": "shared_commondataserviceforapps",
                          "operationId": "DeleteRecord",
                          "apiId": "/providers/Microsoft.PowerApps/apis/shared_commondataserviceforapps"
                        },
                        "parameters": {
                          "entityName": "accounts",
                          "recordId": "@items('Apply_to_each:_Account_Deletion')?['accountid']"
                        },
                        "authentication": "@parameters('$authentication')"
                      }
                    }
                  },
                  "runAfter": {
                    "List_rows:_Accounts_to_Delete": [
                      "Succeeded"
                    ]
                  },
                  "metadata": {
                    "operationMetadataId": "d4635b3c-d38a-4f1b-9f6a-5854799804ac"
                  },
                  "type": "Foreach"
                }
              },
              "runAfter": {
                "Set_variable:_RecordsToWorkWith_for_Account_Deletes": [
                  "Succeeded"
                ]
              },
              "metadata": {
                "operationMetadataId": "3652af7c-f78b-4088-b290-96df4f227305"
              },
              "type": "Scope"
            },
            "Scope:_Account_Creates": {
              "actions": {
                "Do_until:_Account_Create_Loop": {
                  "actions": {
                    "Add_a_new_row:_Account_Create": {
                      "runAfter": {},
                      "metadata": {
                        "operationMetadataId": "e1b42a2e-1525-4b1c-882e-0f16c7d02a3a"
                      },
                      "type": "OpenApiConnection",
                      "inputs": {
                        "host": {
                          "connectionName": "shared_commondataserviceforapps",
                          "operationId": "CreateRecord",
                          "apiId": "/providers/Microsoft.PowerApps/apis/shared_commondataserviceforapps"
                        },
                        "parameters": {
                          "entityName": "accounts",
                          "item/name": "@concat('zzAutogenerated - ',utcNow(),rand(1,99999))"
                        },
                        "authentication": "@parameters('$authentication')"
                      }
                    }
                  },
                  "runAfter": {},
                  "expression": "@equals(item(), variables('RecordsToWorkWith'))",
                  "limit": {
                    "count": 60,
                    "timeout": "PT1H"
                  },
                  "metadata": {
                    "operationMetadataId": "482eb236-e2bb-42db-b5c3-350abbafa707"
                  },
                  "type": "Until"
                },
                "Reset_variable:_RecordsToWorkWith_after_Account_Creates": {
                  "runAfter": {
                    "Do_until:_Account_Create_Loop": [
                      "Succeeded"
                    ]
                  },
                  "metadata": {
                    "operationMetadataId": "3e2534c8-5b91-4259-8ccc-d572f71ecda4"
                  },
                  "type": "SetVariable",
                  "inputs": {
                    "name": "RecordsToWorkWith",
                    "value": 0
                  }
                }
              },
              "runAfter": {
                "Set_variable:_RecordsToWorkWith_for_Account_Creates": [
                  "Succeeded"
                ]
              },
              "metadata": {
                "operationMetadataId": "86813ab4-b562-408f-83b7-987c1ef64939"
              },
              "type": "Scope"
            },
            "Set_variable:_RecordsToWorkWith_for_Account_Creates": {
              "runAfter": {
                "Scope:_Account_Updates": [
                  "Succeeded"
                ]
              },
              "metadata": {
                "operationMetadataId": "5559b28e-7fbd-4037-a44d-93bda83c6ba6"
              },
              "type": "SetVariable",
              "inputs": {
                "name": "RecordsToWorkWith",
                "value": "@rand(1,triggerOutputs()?['body/own_recordstoworkwith'])"
              }
            },
            "Set_variable:_RecordsToWorkWith_for_Account_Deletes": {
              "runAfter": {
                "Scope:_Account_Creates": [
                  "Succeeded"
                ]
              },
              "metadata": {
                "operationMetadataId": "d6577349-36b5-4ce8-82ae-38e77b5a9c6a"
              },
              "type": "SetVariable",
              "inputs": {
                "name": "RecordsToWorkWith",
                "value": "@rand(1,triggerOutputs()?['body/own_recordstoworkwith'])"
              }
            }
          },
          "runAfter": {
            "Initialize_variable:_RecordsToWorkWith": [
              "Succeeded"
            ]
          },
          "else": {
            "actions": {
              "Scope:_Contact_Updates": {
                "actions": {
                  "List_rows:_Contacts_to_Update": {
                    "runAfter": {},
                    "metadata": {
                      "operationMetadataId": "3b731bf4-39c9-44ab-ae72-26058969322b"
                    },
                    "type": "OpenApiConnection",
                    "inputs": {
                      "host": {
                        "connectionName": "shared_commondataserviceforapps",
                        "operationId": "ListRecords",
                        "apiId": "/providers/Microsoft.PowerApps/apis/shared_commondataserviceforapps"
                      },
                      "parameters": {
                        "entityName": "contacts",
                        "fetchXml": "<fetch version=\"1.0\" output-format=\"xml-platform\" mapping=\"logical\" no-lock=\"false\" distinct=\"true\">\n<entity name=\"contact\">\n<attribute name=\"entityimage_url\"/>\n<attribute name=\"statecode\"/>\n<attribute name=\"fullname\"/>\n<order attribute=\"fullname\" descending=\"false\"/>\n<attribute name=\"contactid\"/>\n<filter type=\"and\">\n<condition attribute=\"lastname\" operator=\"not-like\" value=\"zz%\"/>\n</filter>\n</entity>\n</fetch>",
                        "$top": "@variables('RecordsToWorkWith')"
                      },
                      "authentication": "@parameters('$authentication')"
                    }
                  },
                  "Apply_to_each:_Contact_to_Update": {
                    "foreach": "@outputs('List_rows:_Contacts_to_Update')?['body/value']",
                    "actions": {
                      "Update_a_row:_Contact_to_Update": {
                        "runAfter": {},
                        "metadata": {
                          "operationMetadataId": "3b147660-6fd5-4fa6-aab9-911ffe96a18f"
                        },
                        "type": "OpenApiConnection",
                        "inputs": {
                          "host": {
                            "connectionName": "shared_commondataserviceforapps",
                            "operationId": "UpdateRecord",
                            "apiId": "/providers/Microsoft.PowerApps/apis/shared_commondataserviceforapps"
                          },
                          "parameters": {
                            "entityName": "contacts",
                            "recordId": "@items('Apply_to_each:_Contact_to_Update')?['contactid']",
                            "item/description": "@concat('Automatically updated on', utcNow())"
                          },
                          "authentication": "@parameters('$authentication')"
                        }
                      }
                    },
                    "runAfter": {
                      "List_rows:_Contacts_to_Update": [
                        "Succeeded"
                      ]
                    },
                    "metadata": {
                      "operationMetadataId": "1b8f891c-1828-4e5e-855e-5b90747ca362"
                    },
                    "type": "Foreach"
                  },
                  "Reset_variable:_RecordsToWorkWith_after_Contact_Updates": {
                    "runAfter": {
                      "Apply_to_each:_Contact_to_Update": [
                        "Succeeded"
                      ]
                    },
                    "metadata": {
                      "operationMetadataId": "09bc836b-183d-4841-a18c-b997553f0c22"
                    },
                    "type": "SetVariable",
                    "inputs": {
                      "name": "RecordsToWorkWith",
                      "value": 0
                    }
                  }
                },
                "runAfter": {},
                "metadata": {
                  "operationMetadataId": "60a60c5b-ebc9-4436-99a2-9c00440ee7b4"
                },
                "type": "Scope"
              },
              "Set_variable:_RecordsToWorkWith_for_Contact_Creates": {
                "runAfter": {
                  "Scope:_Contact_Updates": [
                    "Succeeded"
                  ]
                },
                "metadata": {
                  "operationMetadataId": "0cccfaae-3392-4e48-b40f-c3fe8c2e428b"
                },
                "type": "SetVariable",
                "inputs": {
                  "name": "RecordsToWorkWith",
                  "value": "@rand(1,triggerOutputs()?['body/own_recordstoworkwith'])"
                }
              },
              "Scope:_Contact_Creates": {
                "actions": {
                  "Do_until:_Contact_Create_Loop": {
                    "actions": {
                      "Add_a_new_row:_Contacts": {
                        "runAfter": {},
                        "metadata": {
                          "operationMetadataId": "416b9e1c-853f-430c-b4b0-99e5b9b32651"
                        },
                        "type": "OpenApiConnection",
                        "inputs": {
                          "host": {
                            "connectionName": "shared_commondataserviceforapps",
                            "operationId": "CreateRecord",
                            "apiId": "/providers/Microsoft.PowerApps/apis/shared_commondataserviceforapps"
                          },
                          "parameters": {
                            "entityName": "contacts",
                            "item/lastname": "@concat('zz',rand(1,99999))"
                          },
                          "authentication": "@parameters('$authentication')"
                        }
                      }
                    },
                    "runAfter": {},
                    "expression": "@equals(item(), variables('RecordsToWorkWith'))",
                    "limit": {
                      "count": 60,
                      "timeout": "PT1H"
                    },
                    "metadata": {
                      "operationMetadataId": "482eb236-e2bb-42db-b5c3-350abbafa707"
                    },
                    "type": "Until"
                  },
                  "Reset_variable:_RecordsToWorkWith_after_Contact_Creates": {
                    "runAfter": {
                      "Do_until:_Contact_Create_Loop": [
                        "Succeeded"
                      ]
                    },
                    "metadata": {
                      "operationMetadataId": "3e2534c8-5b91-4259-8ccc-d572f71ecda4"
                    },
                    "type": "SetVariable",
                    "inputs": {
                      "name": "RecordsToWorkWith",
                      "value": 0
                    }
                  }
                },
                "runAfter": {
                  "Set_variable:_RecordsToWorkWith_for_Contact_Creates": [
                    "Succeeded"
                  ]
                },
                "metadata": {
                  "operationMetadataId": "86813ab4-b562-408f-83b7-987c1ef64939"
                },
                "type": "Scope"
              },
              "Set_variable:_RecordsToWorkWith_for_Contact_Deletes": {
                "runAfter": {
                  "Scope:_Contact_Creates": [
                    "Succeeded"
                  ]
                },
                "metadata": {
                  "operationMetadataId": "e7f38147-1181-4a28-91dd-5f4a267b6aa0"
                },
                "type": "SetVariable",
                "inputs": {
                  "name": "RecordsToWorkWith",
                  "value": "@rand(1,triggerOutputs()?['body/own_recordstoworkwith'])"
                }
              },
              "Scope:_Contact_Deletes": {
                "actions": {
                  "List_rows:_Contacts_to_Delete": {
                    "runAfter": {},
                    "metadata": {
                      "operationMetadataId": "0a33e5d3-1e5e-413b-b3c7-cfe4b80a1645"
                    },
                    "type": "OpenApiConnection",
                    "inputs": {
                      "host": {
                        "connectionName": "shared_commondataserviceforapps",
                        "operationId": "ListRecords",
                        "apiId": "/providers/Microsoft.PowerApps/apis/shared_commondataserviceforapps"
                      },
                      "parameters": {
                        "entityName": "contacts",
                        "fetchXml": "<fetch version=\"1.0\" output-format=\"xml-platform\" mapping=\"logical\" no-lock=\"false\" distinct=\"true\">\n<entity name=\"contact\">\n<attribute name=\"entityimage_url\"/>\n<attribute name=\"statecode\"/>\n<attribute name=\"fullname\"/>\n<order attribute=\"fullname\" descending=\"false\"/>\n<attribute name=\"emailaddress1\"/>\n<attribute name=\"contactid\"/>\n<filter type=\"and\">\n<condition attribute=\"lastname\" operator=\"like\" value=\"zz%\"/>\n</filter>\n</entity>\n</fetch>",
                        "$top": "@variables('RecordsToWorkWith')"
                      },
                      "authentication": "@parameters('$authentication')"
                    }
                  },
                  "Apply_to_each:_Contact_Deletion": {
                    "foreach": "@outputs('List_rows:_Contacts_to_Delete')?['body/value']",
                    "actions": {
                      "Delete_a_row:_Contact": {
                        "runAfter": {},
                        "metadata": {
                          "operationMetadataId": "9d78ff35-58af-4ae1-82df-7a392feab205"
                        },
                        "type": "OpenApiConnection",
                        "inputs": {
                          "host": {
                            "connectionName": "shared_commondataserviceforapps",
                            "operationId": "DeleteRecord",
                            "apiId": "/providers/Microsoft.PowerApps/apis/shared_commondataserviceforapps"
                          },
                          "parameters": {
                            "entityName": "contacts",
                            "recordId": "@items('Apply_to_each:_Contact_Deletion')?['contactid']"
                          },
                          "authentication": "@parameters('$authentication')"
                        }
                      }
                    },
                    "runAfter": {
                      "List_rows:_Contacts_to_Delete": [
                        "Succeeded"
                      ]
                    },
                    "metadata": {
                      "operationMetadataId": "d75eeeed-ae5f-409a-ab08-96eb57b27979"
                    },
                    "type": "Foreach"
                  }
                },
                "runAfter": {
                  "Set_variable:_RecordsToWorkWith_for_Contact_Deletes": [
                    "Succeeded"
                  ]
                },
                "metadata": {
                  "operationMetadataId": "238ce6fb-e58f-4624-9fe1-0bed90775c43"
                },
                "type": "Scope"
              }
            }
          },
          "expression": {
            "equals": [
              "@triggerOutputs()?['body/own_recordtype']",
              "Account"
            ]
          },
          "metadata": {
            "operationMetadataId": "5c1fdba4-5bb4-49c8-b003-02755b11da26"
          },
          "type": "If"
        },
        "Initialize_variable:_RecordsToWorkWith": {
          "runAfter": {},
          "metadata": {
            "operationMetadataId": "dc3f1dfa-ccc7-4a20-924a-2ca1f53e557c"
          },
          "type": "InitializeVariable",
          "inputs": {
            "variables": [
              {
                "name": "RecordsToWorkWith",
                "type": "integer",
                "value": "@triggerOutputs()?['body/own_recordstoworkwith']"
              }
            ]
          }
        }
      }
    },
    "templateName": ""
  },
  "schemaVersion": "1.0.0.0"
}