{
  "properties": {
    "connectionReferences": {
      "shared_commondataserviceforapps": {
        "runtimeSource": "embedded",
        "connection": {
          "connectionReferenceLogicalName": "new_sharedcommondataserviceforapps_faa0a"
        },
        "api": {
          "name": "shared_commondataserviceforapps"
        }
      }
    },
    "definition": {
      "$schema": "https://schema.management.azure.com/providers/Microsoft.Logic/schemas/2016-06-01/workflowdefinition.json#",
      "contentVersion": "1.0.0.0",
      "parameters": {
        "$connections": {
          "defaultValue": {},
          "type": "Object"
        },
        "$authentication": {
          "defaultValue": {},
          "type": "SecureObject"
        },
        "EnvironmentName (own_EnvironmentName)": {
          "defaultValue": "Alan Garcia's Environment",
          "type": "String",
          "metadata": {
            "schemaName": "own_EnvironmentName",
            "description": "Environment Name"
          }
        }
      },
      "triggers": {
        "Recurrence": {
          "recurrence": {
            "frequency": "Hour",
            "interval": 4,
            "startTime": "2024-08-02T07:00:00Z"
          },
          "metadata": {
            "operationMetadataId": "27c60c67-0433-4a61-a638-10923eae77a6"
          },
          "type": "Recurrence"
        }
      },
      "actions": {
        "Initialize_variable:_RandPercentX-Y_(5,25)": {
          "runAfter": {},
          "metadata": {
            "operationMetadataId": "1d369efb-64a7-415c-9709-71e27c9e55d3"
          },
          "type": "InitializeVariable",
          "inputs": {
            "variables": [
              {
                "name": "RandPercentX-Y",
                "type": "float",
                "value": "@rand(5,25)"
              }
            ]
          }
        },
        "Initialize_variable:_TotalRows": {
          "runAfter": {
            "Initialize_variable:_RandPercentX-Y_(5,25)": [
              "Succeeded"
            ]
          },
          "metadata": {
            "operationMetadataId": "84eeba09-3a31-4d67-a4ee-2162c68b8f29"
          },
          "type": "InitializeVariable",
          "inputs": {
            "variables": [
              {
                "name": "TotalRows",
                "type": "integer",
                "value": 0
              }
            ]
          }
        },
        "Initialize_variable:_RecordsToWorkWith": {
          "runAfter": {
            "Initialize_variable:_TotalRows": [
              "Succeeded"
            ]
          },
          "metadata": {
            "operationMetadataId": "c783d760-e354-40f9-8c58-e8cf3d477fdc"
          },
          "type": "InitializeVariable",
          "inputs": {
            "variables": [
              {
                "name": "RecordsToWorkWith",
                "type": "integer",
                "value": 0
              }
            ]
          }
        },
        "Scope:_Create_Account_Control_Record": {
          "actions": {
            "List_rows:_Accounts": {
              "runAfter": {},
              "metadata": {
                "operationMetadataId": "9caa3a58-f402-47f7-871c-75c9831fcdd9"
              },
              "type": "OpenApiConnection",
              "inputs": {
                "host": {
                  "connectionName": "shared_commondataserviceforapps",
                  "operationId": "ListRecords",
                  "apiId": "/providers/Microsoft.PowerApps/apis/shared_commondataserviceforapps"
                },
                "parameters": {
                  "entityName": "accounts",
                  "fetchXml": "<fetch version=\"1.0\" output-format=\"xml-platform\" mapping=\"logical\" savedqueryid=\"00000000-0000-0000-00aa-000010001001\" no-lock=\"false\" distinct=\"true\">\n<entity name=\"account\">\n<attribute name=\"entityimage_url\"/>\n<attribute name=\"parentaccountid\"/>\n<attribute name=\"name\"/>\n<order attribute=\"name\" descending=\"false\"/>\n<attribute name=\"accountid\"/>\n</entity>\n</fetch>"
                },
                "authentication": "@parameters('$authentication')"
              }
            },
            "Apply_to_each:_Account": {
              "foreach": "@outputs('List_rows:_Accounts')?['body/value']",
              "actions": {
                "Increment_variable:_TotalRows_for_Accounts": {
                  "runAfter": {},
                  "metadata": {
                    "operationMetadataId": "32b407da-9beb-4384-a4f9-d15e7c4145d4"
                  },
                  "type": "IncrementVariable",
                  "inputs": {
                    "name": "TotalRows",
                    "value": 1
                  }
                }
              },
              "runAfter": {
                "List_rows:_Accounts": [
                  "Succeeded"
                ]
              },
              "metadata": {
                "operationMetadataId": "8182b3ac-a065-4edc-888c-7a33be6a557e"
              },
              "type": "Foreach",
              "runtimeConfiguration": {
                "concurrency": {
                  "repetitions": 50
                }
              }
            },
            "Set_variable:_RecordsToWorkWith_for_Accounts": {
              "runAfter": {
                "Apply_to_each:_Account": [
                  "Succeeded"
                ]
              },
              "metadata": {
                "operationMetadataId": "2f6f9c65-0805-43e8-bd6b-beb6cd390554"
              },
              "type": "SetVariable",
              "inputs": {
                "name": "RecordsToWorkWith",
                "value": "@div(int(mul(variables('TotalRows'),variables('RandPercentX-Y'))),100)"
              }
            },
            "Add_a_new_row:_POC_Data_Management_Job_for_Accounts": {
              "runAfter": {
                "Set_variable:_RecordsToWorkWith_for_Accounts": [
                  "Succeeded"
                ]
              },
              "metadata": {
                "operationMetadataId": "64e053cd-a633-4179-a3a2-4fab6f6053ad"
              },
              "type": "OpenApiConnection",
              "inputs": {
                "host": {
                  "connectionName": "shared_commondataserviceforapps",
                  "operationId": "CreateRecord",
                  "apiId": "/providers/Microsoft.PowerApps/apis/shared_commondataserviceforapps"
                },
                "parameters": {
                  "entityName": "own_pocdatamanagementjobs",
                  "item/own_name": "@concat(parameters('EnvironmentName (own_EnvironmentName)'),' - Accounts - ',formatDateTime(utcNow(),'dd-MM-yyyy'))",
                  "item/own_environmentname": "@parameters('EnvironmentName (own_EnvironmentName)')",
                  "item/own_percenttoworkwith": "@variables('RandPercentX-Y')",
                  "item/own_recordtype": "Account",
                  "item/own_recordstoworkwith": "@variables('RecordsToWorkWith')",
                  "item/own_totalrows": "@variables('TotalRows')"
                },
                "authentication": "@parameters('$authentication')"
              }
            },
            "Reset_variable:_TotalRows_from_Accounts": {
              "runAfter": {
                "Add_a_new_row:_POC_Data_Management_Job_for_Accounts": [
                  "Succeeded"
                ]
              },
              "metadata": {
                "operationMetadataId": "7ff6c0da-63ca-4b5c-af3b-a3a248d969e8"
              },
              "type": "SetVariable",
              "inputs": {
                "name": "TotalRows",
                "value": 0
              }
            },
            "Reset_variable:_RecordsToWorkWith_from_Accounts": {
              "runAfter": {
                "Reset_variable:_TotalRows_from_Accounts": [
                  "Succeeded"
                ]
              },
              "metadata": {
                "operationMetadataId": "2a8f075d-f47e-417a-940e-7e2d2e5bd282"
              },
              "type": "SetVariable",
              "inputs": {
                "name": "RecordsToWorkWith",
                "value": 0
              }
            }
          },
          "runAfter": {
            "Initialize_variable:_RecordsToWorkWith": [
              "Succeeded"
            ]
          },
          "metadata": {
            "operationMetadataId": "ec18b4ad-8078-440f-aa83-2856dac42296"
          },
          "type": "Scope"
        },
        "Scope:_Create_Contact_Control_Record": {
          "actions": {
            "List_rows:_Contacts": {
              "runAfter": {},
              "metadata": {
                "operationMetadataId": "9caa3a58-f402-47f7-871c-75c9831fcdd9"
              },
              "type": "OpenApiConnection",
              "inputs": {
                "host": {
                  "connectionName": "shared_commondataserviceforapps",
                  "operationId": "ListRecords",
                  "apiId": "/providers/Microsoft.PowerApps/apis/shared_commondataserviceforapps"
                },
                "parameters": {
                  "entityName": "contacts",
                  "fetchXml": "<fetch version=\"1.0\" output-format=\"xml-platform\" mapping=\"logical\" no-lock=\"false\" distinct=\"true\">\n<entity name=\"contact\">\n<attribute name=\"entityimage_url\"/>\n<attribute name=\"statecode\"/>\n<attribute name=\"fullname\"/>\n<order attribute=\"fullname\" descending=\"false\"/>\n<attribute name=\"contactid\"/>\n</entity>\n</fetch>"
                },
                "authentication": "@parameters('$authentication')"
              }
            },
            "Apply_to_each:_Contact": {
              "foreach": "@outputs('List_rows:_Contacts')?['body/value']",
              "actions": {
                "Increment_variable:_TotalRows_for_Contacts": {
                  "runAfter": {},
                  "metadata": {
                    "operationMetadataId": "32b407da-9beb-4384-a4f9-d15e7c4145d4"
                  },
                  "type": "IncrementVariable",
                  "inputs": {
                    "name": "TotalRows",
                    "value": 1
                  }
                }
              },
              "runAfter": {
                "List_rows:_Contacts": [
                  "Succeeded"
                ]
              },
              "metadata": {
                "operationMetadataId": "8182b3ac-a065-4edc-888c-7a33be6a557e"
              },
              "type": "Foreach",
              "runtimeConfiguration": {
                "concurrency": {
                  "repetitions": 50
                }
              }
            },
            "Set_variable:_RecordsToWorkWith_for_Contacts": {
              "runAfter": {
                "Apply_to_each:_Contact": [
                  "Succeeded"
                ]
              },
              "metadata": {
                "operationMetadataId": "2f6f9c65-0805-43e8-bd6b-beb6cd390554"
              },
              "type": "SetVariable",
              "inputs": {
                "name": "RecordsToWorkWith",
                "value": "@div(int(mul(variables('TotalRows'), variables('RandPercentX-Y'))), 100)"
              }
            },
            "Add_a_new_row:_POC_Data_Management_Job_for_Contacts": {
              "runAfter": {
                "Set_variable:_RecordsToWorkWith_for_Contacts": [
                  "Succeeded"
                ]
              },
              "metadata": {
                "operationMetadataId": "61d929bc-33a9-4d96-89e4-159e8b6a3f9a"
              },
              "type": "OpenApiConnection",
              "inputs": {
                "host": {
                  "connectionName": "shared_commondataserviceforapps",
                  "operationId": "CreateRecord",
                  "apiId": "/providers/Microsoft.PowerApps/apis/shared_commondataserviceforapps"
                },
                "parameters": {
                  "entityName": "own_pocdatamanagementjobs",
                  "item/own_name": "@concat(parameters('EnvironmentName (own_EnvironmentName)'), ' - Contacts - ', formatDateTime(utcNow(), 'dd-MM-yyyy'))",
                  "item/own_environmentname": "@parameters('EnvironmentName (own_EnvironmentName)')",
                  "item/own_percenttoworkwith": "@variables('RandPercentX-Y')",
                  "item/own_recordtype": "Contact",
                  "item/own_recordstoworkwith": "@variables('RecordsToWorkWith')",
                  "item/own_totalrows": "@variables('TotalRows')"
                },
                "authentication": "@parameters('$authentication')"
              }
            },
            "Reset_variable:_TotalRows_from_Contacts": {
              "runAfter": {
                "Add_a_new_row:_POC_Data_Management_Job_for_Contacts": [
                  "Succeeded"
                ]
              },
              "metadata": {
                "operationMetadataId": "65d039b0-5e72-4a30-8d17-4e5473b1ba39"
              },
              "type": "SetVariable",
              "inputs": {
                "name": "TotalRows",
                "value": 0
              }
            },
            "Reset_variable:_RecordsToWorkWith_from_Contacts": {
              "runAfter": {
                "Reset_variable:_TotalRows_from_Contacts": [
                  "Succeeded"
                ]
              },
              "metadata": {
                "operationMetadataId": "319396db-3fd8-4a0b-a8a5-be69435d943f"
              },
              "type": "SetVariable",
              "inputs": {
                "name": "RecordsToWorkWith",
                "value": 0
              }
            }
          },
          "runAfter": {
            "Scope:_Create_Account_Control_Record": [
              "Succeeded"
            ]
          },
          "metadata": {
            "operationMetadataId": "ec18b4ad-8078-440f-aa83-2856dac42296"
          },
          "type": "Scope"
        }
      }
    },
    "templateName": ""
  },
  "schemaVersion": "1.0.0.0"
}